"state","county","annual_AQI","SO2","O3","PM2.5","PM10","NO2","NO","NOx","CO"
"Alabama","Baldwin",37,NA,0.04151925,7.551402,NA,NA,NA,NA,NA
"Alabama","Clay",30,NA,NA,7.550467,NA,NA,NA,NA,NA
"Alabama","Colbert",37,NA,0.03946575,7.213235,NA,NA,NA,NA,NA
"Alabama","DeKalb",39,NA,0.04564475,7.55,NA,NA,NA,NA,NA
"Alabama","Elmore",39,NA,0.0421115,NA,NA,NA,NA,NA,NA
"Alabama","Etowah",43,NA,0.04527875,8.410526,NA,NA,NA,NA,NA
"Alabama","Houston",35,NA,0.0381575,8.115652,NA,NA,NA,NA,NA
"Alabama","Jefferson",53,2.20739791666667,0.0443390833333333,9.12240012195122,21.9416053076923,17.80689975,6.34388266666667,18.218176,0.294808666666667
"Alabama","Lawrence",22,NA,NA,NA,NA,NA,NA,NA,NA
"Alabama","Madison",44,NA,0.04569225,7.1425895,14.0046634,NA,NA,NA,NA
"Alabama","Mobile",42,1.45791225,0.038162875,8.302679,NA,NA,NA,NA,NA
"Alabama","Montgomery",52,NA,0.042002,8.8712645,14.224816,NA,NA,NA,NA
"Alabama","Morgan",41,NA,0.04477,7.627826,NA,NA,NA,NA,NA
"Alabama","Russell",40,NA,0.04041825,9.39168922222222,NA,NA,NA,NA,NA
"Alabama","Shelby",34,2.26496175,0.04493725,NA,NA,NA,NA,NA,NA
"Alabama","Sumter",32,0.60581675,0.03750725,NA,NA,NA,NA,NA,NA
"Alabama","Tuscaloosa",35,NA,0.03863875,7.941964,NA,NA,NA,NA,NA
"Alaska","Aleutians East ",11,NA,NA,NA,NA,NA,NA,NA,NA
"Alaska","Anchorage ",27,NA,NA,7.3747473,17.5843218571429,NA,NA,NA,0.533928
"Alaska","Bethel ",10,NA,NA,NA,11.851839,NA,NA,NA,NA
"Alaska","Denali ",35,NA,0.034615,NA,NA,NA,NA,NA,NA
"Alaska","Fairbanks North Star ",38,6.4055318,0.02502475,10.3190968125,19.0851226666667,13.82205,12.941785,21.42576,0.3786695
"Alaska","Juneau ",20,NA,NA,6.8254576,9.0762235,NA,NA,NA,NA
"Alaska","Kenai Peninsula ",7,NA,NA,NA,NA,NA,NA,NA,NA
"Alaska","Matanuska-Susitna ",19,NA,NA,5.731984,12.72526825,NA,NA,NA,NA
"Alaska","North Slope ",5,NA,NA,NA,NA,NA,NA,NA,NA
"Arizona","Apache",10,NA,NA,2.17057,12.4523483333333,NA,NA,NA,NA
"Arizona","Cochise",45,NA,0.04866375,5.083972,19.1107695,NA,NA,NA,NA
"Arizona","Coconino",45,NA,0.048116875,NA,NA,NA,NA,NA,NA
"Arizona","Gila",60,5.6428262,0.052352,NA,19.7853846666667,NA,NA,NA,NA
"Arizona","La Paz",44,NA,0.04766675,3.2673988,11.6905555,NA,NA,NA,NA
"Arizona","Maricopa",65,0.899873692307692,0.04935625,6.78869898360656,28.6966920625,22.9841370833333,5.23604,NA,0.3332273125
"Arizona","Mohave",13,NA,NA,NA,16.268162,NA,NA,NA,NA
"Arizona","Navajo",44,NA,0.0477995,NA,13.4654813333333,NA,NA,NA,NA
"Arizona","Pima",47,0.1327292,0.046124875,3.86598607142857,19.509226,12.38742775,1.34660233333333,8.676226,0.19840375
"Arizona","Pinal",63,NA,0.0489381,8.37488373076923,38.5752334193548,NA,NA,NA,NA
"Arizona","Santa Cruz",31,NA,NA,8.62067088888889,32.011234,NA,NA,NA,NA
"Arizona","Yavapai",43,NA,0.04759425,NA,NA,NA,NA,NA,NA
"Arizona","Yuma",45,NA,0.046805,7.9406322,35.267926,NA,NA,NA,NA
"Arkansas","Arkansas",30,NA,NA,7.930508,NA,NA,NA,NA,NA
"Arkansas","Ashley",33,NA,NA,8.195,NA,NA,NA,NA,NA
"Arkansas","Benton",35,NA,NA,8.216721,NA,NA,NA,NA,NA
"Arkansas","Clark",32,NA,0.03863525,NA,NA,NA,NA,NA,NA
"Arkansas","Craighead",30,NA,NA,7.52449,NA,NA,NA,NA,NA
"Arkansas","Crittenden",40,NA,0.04339325,8.278151,NA,12.7728065,3.23512,10.591261,NA
"Arkansas","Garland",38,NA,NA,8.8532915,NA,NA,NA,NA,NA
"Arkansas","Jackson",34,NA,NA,8.169231,NA,NA,NA,NA,NA
"Arkansas","Newton",36,NA,0.04083,NA,NA,NA,NA,NA,NA
"Arkansas","Polk",39,NA,0.0432055,8.674167,NA,NA,NA,NA,NA
"Arkansas","Pulaski",45,1.15412975,0.039109375,9.94490566666667,17.450438,13.4448665,4.394174,12.017552,0.370729
"Arkansas","Union",35,NA,NA,9.054167,NA,NA,NA,NA,NA
"Arkansas","Washington",43,NA,0.041286125,8.0075,14.967213,NA,NA,NA,NA
"California","Alameda",41,0.59841575,0.0329328,7.33994443333333,NA,16.5402909166667,7.23417033333333,18.9438346666667,0.4421073
"California","Amador",39,NA,0.04332775,NA,NA,NA,NA,NA,NA
"California","Butte",46,NA,0.04358275,7.14882144444444,20.167663,10.752029,2.442039,9.517594,0.229092
"California","Calaveras",42,NA,0.04489475,5.4769014,12.8697055,NA,NA,NA,NA
"California","Colusa",39,NA,0.038061,6.5165716,28.2607455,NA,NA,NA,NA
"California","Contra Costa",40,1.17767491666667,0.038502125,6.99267664285714,13.9352375,9.352400875,1.887618,7.7940385,0.343568
"California","Del Norte",20,NA,NA,NA,NA,NA,NA,NA,NA
"California","El Dorado",43,NA,0.04832325,NA,14.134818,NA,NA,NA,NA
"California","Fresno",60,0.58540575,0.0482365714285714,9.51000361904762,32.7545488333333,15.24414375,3.406453,11.6985826,0.29465875
"California","Glenn",40,NA,0.04187575,NA,20.050924,NA,NA,NA,NA
"California","Humboldt",27,0.4917452,0.029123,6.78785,14.9901305,3.9755565,NA,NA,0.229783
"California","Imperial",58,0.54236375,0.0390693125,9.08220425,36.7465293,14.17674025,4.2877915,12.661652,0.238213
"California","Inyo",47,0.090165,0.0445698125,4.56346660714286,14.65077775,NA,0.047913,NA,0.106923
"California","Kern",67,NA,0.05113009375,9.50449546153846,29.5522915833333,18.0649265,3.20846425,12.599388,0.2467285
"California","Kings",56,NA,0.046611375,12.1805685,48.480543375,13.5182365,3.102482,11.508791,NA
"California","Lake",31,NA,0.0355025,3.141667,8.015725,NA,NA,NA,NA
"California","Los Angeles",71,0.5263146,0.0471450961538461,9.94715161111111,23.81197325,20.0817392,7.60488664285714,21.427675,0.340483392857143
"California","Madera",50,NA,0.04673425,9.554054,36.1270385,9.233617,1.019257,7.00928,NA
"California","Marin",33,NA,0.033793,6.3829552,13.355932,12.431328,3.540016,11.535485,0.309004
"California","Mariposa",47,NA,0.0525875,NA,20.3182595,NA,NA,NA,NA
"California","Mendocino",33,NA,0.03235625,5.6630964,12.333708,NA,NA,NA,NA
"California","Merced",48,NA,0.04594175,9.35084055555556,28.819672,10.5528775,1.096366,7.370647,NA
"California","Mono",27,NA,NA,5.71283828571428,27.087684,NA,NA,NA,NA
"California","Monterey",37,NA,0.0368895833333333,4.70318578947368,19.358036,7.1288005,0.394728,4.437696,0.2367215
"California","Napa",35,NA,0.0376425,5.9313212,13.214286,8.294105,1.806104,6.664146,0.273216
"California","Nevada",44,NA,0.0484275,5.345437,NA,NA,NA,NA,NA
"California","Orange",48,NA,0.0458753333333333,8.81734875,21.872551,19.8538601666667,9.69003233333333,24.426591,0.344985125
"California","Placer",48,NA,0.04496985,6.70177461538461,14.6099845,11.372109,2.023092,8.626667,NA
"California","Plumas",25,NA,NA,10.296522,NA,NA,NA,NA,NA
"California","Riverside",77,0.4611162,0.0512774,8.70812832857143,33.5243928205128,13.362463625,4.66732866666667,13.5085548,0.2655634
"California","Sacramento",46,0.455803,0.0423195416666667,6.73777635483871,19.9978378333333,9.8708163,2.38433114285714,9.3048028,0.330833333333333
"California","San Benito",38,NA,0.04106725,4.9275156,16.8431505,NA,NA,NA,NA
"California","San Bernardino",80,1.33756838461538,0.0552830625,11.4850717692308,23.7672538235294,23.1381538125,12.9683716,33.4378076,0.2904645
"California","San Diego",64,0.0890258,0.0444240625,9.14635053846154,23.4479874,13.010725875,2.88717088888889,11.359174875,0.40032025
"California","San Francisco",36,NA,0.0328115,7.6784286,13.733333,14.61335,3.677392,13.333742,0.302789
"California","San Joaquin",45,NA,0.041327375,9.07298346666667,24.1534514,13.17035675,3.6011265,11.8663085,0.2597945
"California","San Luis Obispo",46,0.0533402,0.0403675714285714,5.6476674,18.8061799285714,5.462822,1.309973,4.4859665,NA
"California","San Mateo",35,NA,0.0340145,7.0167734,NA,14.2817825,4.557803,13.624096,0.3771285
"California","Santa Barbara",43,0.151554230769231,0.0377035,5.3321287,15.8442485714286,3.21171315384615,0.452463777777778,2.31179477777778,0.122631333333333
"California","Santa Clara",41,0.2425455,0.0385246875,7.53749247368421,18.258333,17.56606975,6.5098675,18.935956,0.44090775
"California","Santa Cruz",35,NA,0.036538,5.6200945,NA,NA,NA,NA,NA
"California","Shasta",42,NA,0.040710625,6.628302,12.473301,NA,NA,NA,NA
"California","Siskiyou",36,NA,0.036206,5.83005,NA,NA,NA,NA,NA
"California","Solano",40,0.59010075,0.0376590833333333,8.722431,12.125,11.7719685,5.19975,12.834632,0.320094
"California","Sonoma",34,NA,0.035014125,5.6848448,11.9925933333333,6.7426875,2.12912,5.989355,0.28803
"California","Stanislaus",49,NA,0.04402775,8.98813492857143,27.9826663333333,13.900741,2.162424,10.820596,0.263166
"California","Sutter",44,NA,0.043887,8.450142,22.5401515,10.8207625,3.483258,9.977727,NA
"California","Tehama",41,NA,0.046404875,5.4362594,14.15,NA,NA,NA,NA
"California","Trinity",18,NA,NA,NA,NA,NA,NA,NA,NA
"California","Tulare",66,NA,0.0531242,12.897345,45.8744725,15.339859,2.448383,12.01011,NA
"California","Tuolumne",43,NA,0.04754375,NA,NA,NA,NA,NA,NA
"California","Ventura",46,NA,0.0457017,6.65570903333333,22.24518325,10.16808175,1.163884,7.534768,NA
"California","Yolo",41,NA,0.042559,7.715094,18.450532,7.134504,0.80582,4.985271,NA
"Colorado","Adams",47,1.185672,0.041237,9.02635388888889,31.4475015,25.0660835,13.779826,30.469508,0.2923555
"Colorado","Alamosa",9,NA,NA,NA,NA,NA,NA,NA,NA
"Colorado","Arapahoe",46,NA,0.049142125,6.016102,NA,NA,NA,NA,NA
"Colorado","Archuleta",31,1.156053,0.04744725,NA,18.646724,4.141135,0.353758,2.693092,NA
"Colorado","Boulder",47,NA,0.0475395,6.87772807692308,21.5567393333333,NA,NA,NA,NA
"Colorado","Clear Creek",46,NA,0.0518,NA,NA,NA,NA,NA,NA
"Colorado","Delta",41,NA,0.04499475,3.74435366666667,8.81705166666667,3.2594035,0.463179,2.284917,NA
"Colorado","Denver",51,0.965937375,0.0417415,8.0762726097561,25.835692,30.21102525,21.52269025,48.0113663333333,0.382093666666667
"Colorado","Douglas",46,NA,0.049075,5.71859422222222,NA,NA,NA,NA,NA
"Colorado","El Paso",45,1.4098345,0.0489185,4.9823308,17.084746,NA,NA,NA,0.351749
"Colorado","Fremont",13,NA,NA,NA,14.78125,NA,NA,NA,NA
"Colorado","Garfield",44,NA,0.0451495833333333,3.47551866666667,8.859726,6.2367635,0.571769,4.348646,NA
"Colorado","Gilpin",45,NA,0.04998075,NA,NA,NA,NA,NA,NA
"Colorado","Gunnison",45,NA,0.05049525,NA,NA,NA,NA,NA,NA
"Colorado","Jackson",6,NA,NA,NA,NA,NA,NA,NA,NA
"Colorado","Jefferson",46,NA,0.0491871875,NA,NA,6.349434,0.737526,NA,NA
"Colorado","La Plata",44,NA,0.05043075,3.535953,13.3914815,5.5183925,0.719731666666667,4.24149666666667,0.1407
"Colorado","Larimer",48,NA,0.0475933125,5.9768526,NA,NA,-0.003487,NA,0.29888
"Colorado","Mesa",44,NA,0.04698525,4.9774222,15.541018,NA,NA,NA,0.264685
"Colorado","Montezuma",46,NA,0.048481,NA,NA,NA,NA,NA,NA
"Colorado","Pitkin",10,NA,NA,NA,12.258929,NA,NA,NA,NA
"Colorado","Prowers",14,NA,NA,NA,17.609827,NA,NA,NA,NA
"Colorado","Pueblo",20,NA,NA,4.721053,17.931624,NA,NA,NA,NA
"Colorado","Rio Blanco",44,NA,0.04649475,7.9021564,NA,3.318569,0.1091115,1.7284075,NA
"Colorado","Routt",13,NA,NA,NA,16.632022,NA,NA,NA,NA
"Colorado","San Juan",5,NA,NA,NA,NA,NA,NA,NA,NA
"Colorado","San Miguel",11,NA,NA,NA,14.044248,NA,NA,NA,NA
"Colorado","Weld",45,NA,0.0416345,8.27613044444444,NA,NA,NA,NA,0.2197665
"Connecticut","Fairfield",43,0.2980022,0.048031625,7.08747833333333,14.0799545,14.093249,NA,NA,0.322218
"Connecticut","Hartford",39,NA,0.0447935,6.57018016666667,12.4469938,15.03333675,NA,NA,0.3192015
"Connecticut","Litchfield",37,0.148489,0.0415035,4.470977,8.9595765,NA,0.329893,NA,0.1516425
"Connecticut","Middlesex",41,NA,0.04601525,NA,NA,NA,NA,NA,NA
"Connecticut","New Haven",41,0.2299058,0.044139125,7.09821281481481,13.924549875,18.098262,5.85315,NA,0.245354
"Connecticut","New London",37,NA,0.0461485,5.855398,11.44165,NA,NA,NA,NA
"Connecticut","Tolland",42,NA,0.04535825,NA,NA,NA,NA,NA,NA
"Connecticut","Windham",36,NA,0.04355,NA,NA,NA,NA,NA,NA
"Delaware","Kent",42,NA,0.0467015,6.99915755555556,NA,NA,NA,NA,NA
"Delaware","New Castle",43,0.503025375,0.04428475,7.57569505714286,NA,15.9086275,4.582655,15.286709,0.249694
"Delaware","Sussex",42,0.162102,0.04471125,7.6172656,NA,NA,NA,NA,NA
"District Of Columbia","District of Columbia",44,0.7582753,0.043894,8.21500134375,17.2282958333333,17.340449375,7.3448556,19.8442945,0.317225
"Florida","Alachua",35,NA,0.0380605,6.7695545,NA,NA,NA,NA,NA
"Florida","Baker",33,NA,0.03792025,NA,NA,NA,NA,NA,NA
"Florida","Bay",38,NA,0.03971125,NA,NA,NA,NA,NA,NA
"Florida","Brevard",36,NA,0.036475875,6.30686244444444,15.597597,NA,NA,NA,NA
"Florida","Broward",40,0.9220056,0.03538075,6.79154316666667,14.71272325,15.20511925,8.49856633333333,22.414553,0.324886
"Florida","Citrus",30,1.1657592,NA,NA,NA,NA,NA,NA,NA
"Florida","Collier",34,NA,0.03792325,NA,NA,NA,NA,NA,NA
"Florida","Columbia",38,NA,0.0392145,NA,NA,NA,NA,NA,NA
"Florida","Duval",43,1.0242449,0.0393880833333333,7.26772740909091,18.7181381666667,13.06085225,4.620394,13.2118325,0.435497
"Florida","Escambia",40,0.854547,0.040581,8.34841746153846,NA,NA,NA,NA,NA
"Florida","Flagler",34,NA,0.03769825,NA,NA,NA,NA,NA,NA
"Florida","Hamilton",31,0.6608592,NA,NA,NA,NA,NA,NA,NA
"Florida","Highlands",36,NA,0.039496,NA,NA,NA,NA,NA,NA
"Florida","Hillsborough",42,1.0097023,0.0393704375,7.49549566666667,16.4638141666667,14.466827,2.6581115,14.628898,0.22825525
"Florida","Holmes",40,NA,0.039731,NA,NA,NA,NA,NA,NA
"Florida","Indian River",36,NA,0.0398505,NA,NA,NA,NA,NA,NA
"Florida","Lake",35,NA,0.04069875,NA,NA,NA,NA,NA,NA
"Florida","Lee",36,NA,0.03914025,7.3862392,15.0288885,NA,NA,NA,NA
"Florida","Leon",38,NA,0.037686,7.672917,NA,NA,NA,NA,NA
"Florida","Liberty",33,NA,0.03717975,NA,NA,NA,NA,NA,NA
"Florida","Manatee",36,0.8537324,0.0382445833333333,NA,NA,NA,NA,NA,NA
"Florida","Marion",38,NA,0.0380655,NA,NA,NA,NA,NA,NA
"Florida","Martin",35,NA,0.03733825,NA,NA,NA,NA,NA,NA
"Florida","Miami-Dade",38,0.2290726,0.03465825,6.92177717647059,20.760044,12.128197,4.56713966666667,11.7239046666667,0.1371425
"Florida","Nassau",28,2.329039,NA,NA,NA,NA,NA,NA,NA
"Florida","Okaloosa",36,NA,0.039236,NA,15.242617,NA,NA,NA,NA
"Florida","Orange",36,0.390964,0.037409875,6.5434058,12.330063,7.013983,0.518896,4.528755,0.253682
"Florida","Osceola",34,NA,0.0394825,NA,NA,NA,NA,NA,NA
"Florida","Palm Beach",35,NA,0.036235375,6.33549755555556,13.7768315,1.609091,-2.063636,-0.50303,NA
"Florida","Pasco",36,NA,0.03879675,NA,NA,NA,NA,NA,NA
"Florida","Pinellas",40,0.9631857,0.0385615,6.93973571428571,17.121569,9.24810125,0.735018,4.243218,0.23848175
"Florida","Polk",36,1.310502,0.038053125,7.7521506,16.192291,NA,NA,NA,NA
"Florida","Putnam",17,0.7543974,NA,NA,19.9548185,NA,NA,NA,NA
"Florida","St. Lucie",34,NA,0.03724375,NA,NA,NA,NA,NA,NA
"Florida","Santa Rosa",39,NA,0.040399,NA,NA,NA,NA,NA,NA
"Florida","Sarasota",37,NA,0.0366496666666667,6.8372116,16.776034,4.095853,0.476327,2.701242,NA
"Florida","Seminole",37,NA,0.03970975,6.33987622222222,14.7718445,NA,NA,NA,NA
"Florida","Volusia",37,NA,0.03862725,7.5048804,16.8525885,NA,NA,NA,NA
"Florida","Wakulla",35,0.497897,0.03789175,NA,NA,NA,0.086583,NA,0.1104275
"Georgia","Bibb",38,0.27804375,0.043921,8.43081182352941,NA,NA,NA,NA,NA
"Georgia","Charlton",21,NA,NA,NA,NA,NA,NA,NA,NA
"Georgia","Chatham",39,2.553161125,0.04096525,8.38925855555556,NA,NA,NA,NA,NA
"Georgia","Chattooga",40,NA,0.042252,NA,NA,NA,NA,NA,NA
"Georgia","Clarke",44,NA,0.04477025,8.63654421428571,NA,NA,NA,NA,NA
"Georgia","Clayton",36,NA,NA,8.694958,NA,NA,NA,NA,NA
"Georgia","Cobb",42,NA,0.044361,8.647934,NA,NA,NA,NA,NA
"Georgia","Coffee",26,NA,NA,7.18843,NA,NA,NA,NA,NA
"Georgia","Columbia",39,NA,0.0418835,NA,NA,NA,NA,NA,NA
"Georgia","Dawson",37,NA,0.04104425,NA,NA,NA,NA,NA,NA
"Georgia","DeKalb",44,0.075765,0.04049825,8.95379876923077,17.559785,18.81241125,12.9738633333333,27.029741,0.2998515
"Georgia","Dougherty",40,NA,NA,10.2336723846154,NA,NA,NA,NA,NA
"Georgia","Douglas",40,NA,0.04336625,NA,NA,NA,NA,NA,NA
"Georgia","Floyd",44,1.606101,NA,NA,NA,NA,NA,NA,NA
"Georgia","Fulton",48,1.4136115,0.04956225,9.3032645,15.7666665,21.0215585,20.247919,36.550716,0.5912885
"Georgia","Glynn",36,NA,0.04001525,7.635455,NA,NA,NA,NA,NA
"Georgia","Gwinnett",45,NA,0.046803,10.8100418,NA,NA,NA,NA,NA
"Georgia","Hall",37,NA,NA,9.35611,NA,NA,NA,NA,NA
"Georgia","Henry",37,NA,0.04418125,NA,NA,NA,NA,NA,NA
"Georgia","Houston",38,NA,NA,9.16827855555555,NA,NA,NA,NA,NA
"Georgia","Lowndes",35,NA,NA,7.527193,NA,NA,NA,NA,NA
"Georgia","Murray",43,NA,0.04566375,NA,NA,NA,NA,NA,NA
"Georgia","Muscogee",40,NA,0.0429215,8.814567,NA,NA,NA,NA,NA
"Georgia","Pike",37,NA,0.04563175,NA,NA,NA,NA,NA,NA
"Georgia","Richmond",45,2.140143,0.04619575,10.6655596,12.6613145,NA,NA,NA,NA
"Georgia","Rockdale",43,NA,0.046811,NA,NA,NA,NA,NA,NA
"Georgia","Sumter",39,NA,0.04260125,NA,NA,NA,NA,NA,NA
"Georgia","Walker",37,NA,NA,8.83334844444444,NA,NA,NA,NA,NA
"Georgia","Washington",29,NA,NA,8.30718088888889,NA,NA,NA,NA,NA
"Hawaii","Hawaii",16,1.70857987096774,NA,2.32015853535354,NA,NA,NA,NA,NA
"Hawaii","Honolulu",29,1.09839858333333,0.028967375,3.14208733333333,12.0516741666667,7.547414,0.906763,NA,0.193389333333333
"Hawaii","Kauai",13,0.4659402,NA,2.9202316,NA,6.979702,NA,NA,NA
"Hawaii","Maui",15,NA,NA,3.8022341,NA,NA,NA,NA,NA
"Idaho","Ada",38,0.4554718,0.03272,5.292345,18.8606025,15.800819,4.211276,12.961062,0.38895875
"Idaho","Bannock",27,5.5716306,NA,NA,16.545683,NA,NA,NA,NA
"Idaho","Benewah",37,NA,NA,10.1149198333333,NA,NA,NA,NA,NA
"Idaho","Blaine",15,NA,NA,NA,NA,NA,NA,NA,NA
"Idaho","Boise",33,NA,NA,NA,NA,NA,NA,NA,NA
"Idaho","Bonner",21,NA,NA,NA,13.5663775,NA,NA,NA,NA
"Idaho","Bonneville",29,NA,NA,NA,NA,NA,NA,NA,NA
"Idaho","Butte",40,NA,0.046627,NA,NA,NA,NA,NA,NA
"Idaho","Canyon",25,NA,NA,6.860185,22.21642,NA,NA,NA,NA
"Idaho","Caribou",6,3.5140596,NA,NA,NA,NA,NA,NA,NA
"Idaho","Custer",3,NA,NA,NA,NA,NA,NA,NA,NA
"Idaho","Franklin",18,NA,NA,5.793948,NA,NA,NA,NA,NA
"Idaho","Idaho",40,NA,0.04052875,NA,NA,NA,NA,NA,NA
"Idaho","Jerome",15,NA,NA,3.9354086,NA,NA,NA,NA,NA
"Idaho","Kootenai",23,NA,NA,NA,NA,NA,NA,NA,NA
"Idaho","Latah",10,NA,NA,NA,NA,NA,NA,NA,NA
"Idaho","Lemhi",23,NA,NA,8.207826,NA,NA,NA,NA,NA
"Idaho","Nez Perce",24,NA,NA,NA,NA,NA,NA,NA,NA
"Idaho","Shoshone",29,NA,NA,9.63884066666667,13.6730105,NA,NA,NA,NA
"Idaho","Twin Falls",19,NA,NA,NA,NA,NA,NA,NA,NA
"Idaho","Valley",22,NA,NA,NA,NA,NA,NA,NA,NA
"Illinois","Adams",41,NA,0.0450555,NA,NA,NA,NA,NA,NA
"Illinois","Champaign",42,0.536247,0.041446125,7.73469630769231,NA,NA,0.290698,NA,0.0235143333333333
"Illinois","Clark",34,NA,0.043078,NA,NA,NA,NA,NA,NA
"Illinois","Cook",53,1.25390358333333,0.04202565,9.37152733802817,23.4544851666667,21.7682419,7.5577865,23.5312243333333,0.31613825
"Illinois","DuPage",42,NA,0.04222,10.2439062,NA,NA,NA,NA,NA
"Illinois","Effingham",40,NA,0.04392425,NA,NA,NA,NA,NA,NA
"Illinois","Hamilton",43,NA,0.046657,8.2535684,NA,NA,NA,NA,NA
"Illinois","Jersey",42,NA,0.04561075,7.9597168,NA,NA,NA,NA,NA
"Illinois","Jo Daviess",34,NA,0.041301,NA,NA,NA,NA,NA,NA
"Illinois","Kane",40,NA,0.0435175,8.44157966666667,NA,NA,NA,NA,NA
"Illinois","Lake",40,NA,0.043497,NA,NA,NA,NA,NA,NA
"Illinois","La Salle",0,0.43053775,NA,NA,NA,NA,NA,NA,NA
"Illinois","McHenry",44,NA,0.045291,7.789831,NA,NA,NA,NA,NA
"Illinois","McLean",44,NA,0.04479175,9.0238768,NA,NA,NA,NA,NA
"Illinois","Macon",44,2.207136,0.043861,9.5224316,NA,NA,NA,NA,NA
"Illinois","Macoupin",33,0.62940775,0.0432195,NA,NA,4.0212445,1.881111,4.289317,NA
"Illinois","Madison",49,1.286126,0.04567225,10.1512303636364,34.762712,NA,NA,NA,NA
"Illinois","Monroe",1,0.83544675,NA,NA,NA,NA,NA,NA,NA
"Illinois","Peoria",41,NA,0.043106625,8.055192,NA,NA,NA,NA,NA
"Illinois","Randolph",40,NA,0.04495225,7.064807,NA,NA,NA,NA,NA
"Illinois","Rock Island",42,NA,0.0439675,8.5728836,NA,NA,NA,NA,NA
"Illinois","Saint Clair",43,0.9761845,0.04490575,9.155357,NA,14.4771445,5.199454,14.06144,0.343096
"Illinois","Sangamon",40,NA,0.04307575,8.2011864,NA,NA,NA,NA,NA
"Illinois","Tazewell",1,1.45457425,NA,NA,NA,NA,NA,NA,NA
"Illinois","Wabash",1,1.4319875,NA,NA,NA,NA,NA,NA,NA
"Illinois","Will",43,NA,0.041724,9.2516149,NA,NA,NA,NA,NA
"Illinois","Winnebago",42,NA,0.04167525,10.3215582,NA,NA,NA,NA,NA
"Indiana","Allen",43,NA,0.043878875,8.9478274,NA,NA,NA,NA,NA
"Indiana","Bartholomew",41,NA,0.04642725,6.9237634,NA,NA,NA,NA,NA
"Indiana","Boone",35,NA,0.0448625,NA,NA,NA,NA,NA,NA
"Indiana","Brown",35,NA,0.04352225,NA,NA,NA,NA,NA,NA
"Indiana","Carroll",35,NA,0.04379725,NA,NA,NA,NA,NA,NA
"Indiana","Clark",41,NA,0.045288,8.44019157142857,15.736808,NA,NA,NA,NA
"Indiana","Daviess",1,1.0422895,NA,NA,NA,NA,NA,NA,NA
"Indiana","Delaware",35,NA,0.04107,8.335,NA,NA,NA,NA,NA
"Indiana","Dubois",33,NA,NA,8.430252,13.901639,NA,NA,NA,NA
"Indiana","Elkhart",37,NA,0.039898,8.2013174,NA,NA,NA,NA,NA
"Indiana","Floyd",35,0.8720265,0.04367775,NA,NA,NA,NA,NA,NA
"Indiana","Gibson",3,2.2919605,NA,NA,NA,NA,NA,NA,NA
"Indiana","Greene",39,NA,0.04487125,7.709244,NA,NA,NA,NA,NA
"Indiana","Hamilton",41,NA,0.044799,9.13395911111111,NA,NA,NA,NA,NA
"Indiana","Hendricks",34,NA,0.04205325,NA,NA,NA,NA,NA,NA
"Indiana","Henry",28,NA,NA,7.679832,NA,NA,NA,NA,NA
"Indiana","Howard",40,NA,0.04433,7.3139536,NA,NA,NA,NA,NA
"Indiana","Huntington",31,NA,0.039283,NA,NA,NA,NA,NA,NA
"Indiana","Jackson",35,NA,0.04317025,NA,NA,NA,NA,NA,NA
"Indiana","Knox",36,NA,0.04489525,NA,NA,NA,NA,NA,NA
"Indiana","Lake",45,1.14926808333333,0.041127125,9.5262323125,18.0538498333333,15.6245755,6.034789,14.538778,0.314449
"Indiana","LaPorte",37,NA,0.04271475,7.873729,NA,NA,NA,NA,NA
"Indiana","Madison",41,NA,0.04486525,8.445572,NA,NA,NA,NA,NA
"Indiana","Marion",53,0.286435625,0.041114625,10.3283678,21.0142344,17.2533885,9.562101,30.544966,0.352028833333333
"Indiana","Monroe",33,NA,NA,7.35356,NA,NA,NA,NA,NA
"Indiana","Morgan",35,2.049737,0.043396,NA,NA,NA,NA,NA,NA
"Indiana","Perry",37,NA,0.04639025,NA,NA,NA,NA,NA,NA
"Indiana","Pike",1,1.05313075,NA,NA,NA,NA,NA,NA,NA
"Indiana","Porter",41,2.185678875,0.042313125,8.2875228,19.151299,NA,NA,NA,NA
"Indiana","Posey",35,NA,0.04429375,NA,NA,NA,NA,NA,NA
"Indiana","St. Joseph",41,NA,0.0425241666666667,8.10586538461538,NA,12.4112005,5.323934,11.532011,NA
"Indiana","Shelby",36,NA,0.0445735,NA,NA,NA,NA,NA,NA
"Indiana","Spencer",31,NA,NA,7.917949,NA,NA,NA,NA,NA
"Indiana","Sullivan",31,NA,NA,8.124138,NA,NA,NA,NA,NA
"Indiana","Tippecanoe",33,NA,NA,8.7801054,NA,NA,NA,NA,NA
"Indiana","Vanderburgh",41,0.732913,0.0433125,8.23163484615385,14.196721,11.87709,4.69269,10.941734,0.318025
"Indiana","Vigo",45,1.2494365,0.04426325,9.1857155,15.263158,NA,NA,NA,NA
"Indiana","Wabash",37,NA,0.04479875,NA,NA,NA,NA,NA,NA
"Indiana","Warrick",36,NA,0.0442185,NA,NA,NA,NA,NA,NA
"Indiana","Whitley",33,NA,NA,8.1959372,NA,NA,NA,NA,NA
"Iowa","Black Hawk",31,NA,NA,7.670833,NA,NA,NA,NA,NA
"Iowa","Bremer",37,NA,0.040005125,NA,NA,NA,NA,NA,NA
"Iowa","Cerro Gordo",15,NA,NA,NA,16.9055485,NA,NA,NA,NA
"Iowa","Clinton",42,1.03373725,0.040173625,8.603189,NA,NA,NA,NA,NA
"Iowa","Harrison",38,NA,0.04206575,NA,NA,NA,NA,NA,NA
"Iowa","Johnson",35,NA,NA,9.13867758333333,NA,NA,NA,NA,NA
"Iowa","Lee",29,NA,NA,8.281667,NA,NA,NA,NA,NA
"Iowa","Linn",39,0.774984125,0.0387148125,7.62405207142857,17.5103645,NA,NA,NA,NA
"Iowa","Montgomery",37,NA,0.04041725,6.526446,NA,NA,NA,NA,NA
"Iowa","Muscatine",32,0.86005025,NA,7.9360515,16.210084,NA,NA,NA,NA
"Iowa","Palo Alto",38,NA,0.041420875,6.426316,NA,NA,NA,NA,NA
"Iowa","Polk",39,NA,0.0401774375,6.95775613043478,16.723467,10.002164,1.650063,7.978221,0.2114125
"Iowa","Pottawattamie",29,NA,NA,7.6229005,19.12844,NA,NA,NA,NA
"Iowa","Scott",45,0.59643675,0.0388755625,8.63957022727273,28.7546668571429,NA,0.968139,NA,0.19368
"Iowa","Van Buren",37,0.191728,0.04109275,7.175833,14.075,2.586827,0.09726,2.101065,NA
"Iowa","Woodbury",28,NA,NA,7.450847,NA,NA,NA,NA,NA
"Kansas","Chase",22,NA,NA,NA,NA,NA,NA,NA,NA
"Kansas","Ford",15,NA,NA,NA,18.4218955,NA,NA,NA,NA
"Kansas","Johnson",36,NA,0.04021625,6.86351446153846,NA,NA,NA,NA,NA
"Kansas","Leavenworth",33,NA,0.041288,NA,NA,NA,NA,NA,NA
"Kansas","Neosho",40,1.0768406,0.04206175,8.9708732,20.880478,3.984855,0.473055,3.014608,NA
"Kansas","Sedgwick",39,NA,0.043916875,7.79944466666667,19.1630155,10.6682405,2.574963,8.892599,NA
"Kansas","Shawnee",41,NA,0.04183225,9.286289,15.602226,NA,NA,NA,NA
"Kansas","Sherman",12,NA,NA,NA,16.193569,NA,NA,NA,NA
"Kansas","Sumner",39,0.9304696,0.04429775,7.60812555555556,19.6960875,5.157437,0.455854,3.62143,NA
"Kansas","Trego",36,0.736026,0.04302,5.3278552,10.3730585,1.687317,0.36494,1.375476,NA
"Kansas","Wyandotte",41,0.8374688,0.03774025,9.28852988888889,16.2146175,13.347908,3.8436505,11.840026,0.2018375
"Kentucky","Bell",39,NA,0.04246,7.313115,NA,NA,NA,NA,NA
"Kentucky","Boone",39,NA,0.04359775,NA,NA,NA,NA,NA,NA
"Kentucky","Boyd",39,0.12879825,0.0432675,7.3895576,17.747951,8.76708,2.398596,7.578215,NA
"Kentucky","Bullitt",41,NA,0.045158,NA,NA,NA,NA,NA,NA
"Kentucky","Campbell",40,0.30619175,0.043786,7.76641371428571,NA,6.808782,0.622909,4.583756,NA
"Kentucky","Carter",36,NA,0.0407535,5.683471,8.104023,NA,NA,NA,NA
"Kentucky","Christian",39,NA,0.04189525,8.487736,NA,NA,NA,NA,NA
"Kentucky","Daviess",43,1.443831,0.04587175,8.2512588,NA,7.3360735,0.553607,4.781187,NA
"Kentucky","Edmonson",41,0.2852914,0.04621875,NA,NA,NA,0.106038,NA,0.165828
"Kentucky","Fayette",42,0.20628175,0.04483575,7.9491688,12.821429,11.1273085,0.984656,7.176642,NA
"Kentucky","Greenup",31,0.45184525,0.0403175,NA,NA,NA,NA,NA,NA
"Kentucky","Hancock",42,NA,0.04571225,NA,NA,NA,NA,NA,NA
"Kentucky","Hardin",39,NA,0.04459475,7.43752807692308,NA,NA,NA,NA,NA
"Kentucky","Henderson",3,2.61343025,NA,9.1209276,10.4,NA,NA,NA,NA
"Kentucky","Jefferson",49,1.23076916666667,0.044156,9.42294378378378,18.40276225,18.7433225,3.486326,NA,0.26444225
"Kentucky","Jessamine",35,0.28621875,0.04507175,NA,NA,NA,NA,NA,NA
"Kentucky","Livingston",41,NA,0.0449355,NA,12.716667,NA,NA,NA,NA
"Kentucky","McCracken",44,0.378697,0.0451855,8.8525182,14.711538,8.421421,1.421788,6.246953,NA
"Kentucky","Morgan",36,NA,0.04304875,NA,NA,NA,NA,NA,NA
"Kentucky","Oldham",42,NA,0.0458965,NA,NA,NA,NA,NA,NA
"Kentucky","Perry",39,NA,0.04244075,7.3813186,NA,NA,NA,NA,NA
"Kentucky","Pike",36,NA,0.0407535,6.6875042,NA,NA,NA,NA,NA
"Kentucky","Pulaski",40,NA,0.04263425,7.020661,NA,NA,NA,NA,NA
"Kentucky","Simpson",40,NA,0.043371,NA,NA,NA,NA,NA,NA
"Kentucky","Trigg",37,NA,0.04465275,NA,NA,NA,NA,NA,NA
"Kentucky","Warren",40,NA,0.0431055,8.1910057368421,NA,NA,NA,NA,NA
"Kentucky","Washington",39,NA,0.046144,NA,NA,NA,NA,NA,NA
"Louisiana","Ascension",33,NA,0.03837175,NA,NA,10.3471855,1.636142,7.804314,NA
"Louisiana","Bossier",34,0.5416074,0.037069,NA,16.7197715,NA,NA,NA,NA
"Louisiana","Caddo",37,NA,0.0413985,10.7564705,NA,NA,NA,NA,NA
"Louisiana","Calcasieu",45,0.7553854,0.038008,6.790435,NA,11.700704,3.243155,10.440282,NA
"Louisiana","East Baton Rouge",42,0.6452909,0.0372339166666667,8.79714846153846,17.0101395,9.22917575,2.04502033333333,7.019697,0.188456
"Louisiana","Iberville",37,NA,0.039033875,8.478689,NA,5.085877,0.986586,4.010202,NA
"Louisiana","Jefferson",38,NA,0.04086175,7.431981,NA,10.0917635,0.855314,6.280012,NA
"Louisiana","Lafayette",41,NA,0.0392415,7.953719,15.137121,NA,NA,NA,NA
"Louisiana","Lafourche",41,NA,0.037788,NA,NA,NA,NA,NA,NA
"Louisiana","Livingston",41,NA,0.03962725,NA,NA,3.6985475,0.666082,2.875864,NA
"Louisiana","Orleans",29,NA,NA,7.847934,17.7095535,15.156043,4.739372,14.300255,0.273728
"Louisiana","Ouachita",34,NA,0.03982625,7.25,NA,NA,NA,NA,NA
"Louisiana","Pointe Coupee",33,NA,0.03804275,NA,NA,NA,NA,NA,NA
"Louisiana","Rapides",30,NA,NA,7.52437,NA,NA,NA,NA,NA
"Louisiana","St. Bernard",44,1.7793364,0.03983825,7.783607,16.0799015,NA,NA,NA,NA
"Louisiana","St. Charles",3,3.1163302,NA,NA,NA,NA,NA,NA,NA
"Louisiana","St. James",28,0.384975,0.0330755,NA,NA,NA,NA,NA,NA
"Louisiana","St. John the Baptist",33,NA,0.03764875,NA,NA,NA,NA,NA,NA
"Louisiana","St. Martin",34,NA,0.038326,NA,NA,NA,NA,NA,NA
"Louisiana","St. Tammany",37,NA,0.0384415,NA,NA,NA,NA,NA,NA
"Louisiana","Tangipahoa",30,NA,NA,7.358423,NA,NA,NA,NA,NA
"Louisiana","Terrebonne",28,NA,NA,7.475833,NA,NA,NA,NA,NA
"Louisiana","West Baton Rouge",39,1.2128127,0.03636475,8.957429,NA,14.6605375,3.541532,12.514014,NA
"Maine","Androscoggin",31,NA,0.03641525,5.133881,10.644068,NA,NA,NA,NA
"Maine","Aroostook",34,0.09402775,0.031926125,5.07346484375,12.62069,3.6564015,0.572295,2.521981,0.15163
"Maine","Cumberland",39,0.1197924,0.037778125,6.72570405882353,20.1333335,11.957561,1.561818,9.284952,0.192178
"Maine","Hancock",36,0.0574058,0.040019125,3.31698833333333,5.08547,NA,0.029575,NA,0.127369
"Maine","Kennebec",28,0.2339704,0.03794275,5.0752565,10.333333,4.9275425,0.477133,3.314761,NA
"Maine","Knox",36,NA,0.038737,NA,NA,NA,NA,NA,NA
"Maine","Oxford",30,NA,0.036631,4.56923033333333,NA,NA,NA,NA,NA
"Maine","Penobscot",31,NA,0.03805725,4.29270755555556,15.701271,NA,NA,NA,NA
"Maine","Washington",34,NA,0.036241875,NA,NA,NA,NA,NA,NA
"Maine","York",38,NA,0.0380289166666667,NA,NA,NA,NA,NA,NA
"Maryland","Allegany",1,2.6220268,NA,NA,NA,NA,NA,NA,NA
"Maryland","Anne Arundel",41,1.5790602,0.05140975,NA,12.154023,NA,NA,NA,NA
"Maryland","Baltimore",43,0.8381034,0.0483205,7.94738823076923,NA,17.37445775,3.609798,NA,0.26099
"Maryland","Calvert",39,NA,0.0432525,NA,NA,NA,NA,NA,NA
"Maryland","Carroll",43,NA,0.046776,NA,NA,NA,NA,NA,NA
"Maryland","Cecil",39,NA,0.04662725,6.4090926,NA,NA,NA,NA,NA
"Maryland","Charles",40,NA,0.04328125,NA,NA,NA,NA,NA,NA
"Maryland","Dorchester",41,0.2569366,0.047622125,5.945694,NA,NA,NA,NA,NA
"Maryland","Frederick",44,NA,0.04753425,NA,NA,NA,NA,NA,NA
"Maryland","Garrett",37,0.3937168,0.0419465,5.582022,NA,3.101534,0.1220205,2.059313,0.1194775
"Maryland","Harford",44,NA,0.0488775,7.0369578,NA,NA,NA,NA,NA
"Maryland","Howard",30,NA,NA,7.454248,NA,20.5873695,13.512752,29.973682,0.2693205
"Maryland","Kent",40,NA,0.04739375,5.9591714,NA,NA,NA,NA,NA
"Maryland","Montgomery",39,NA,0.0452425,6.0943194,NA,NA,NA,NA,NA
"Maryland","Prince George's",43,0.173743,0.0457264166666667,6.95717084615385,9.672269,11.8899585,1.179336,6.668832,0.161056
"Maryland","Washington",40,NA,0.0443355,6.9589828,NA,NA,NA,NA,NA
"Maryland","Baltimore (City)",42,NA,0.046917,8.40176555555555,13.483333,17.770356,6.152712,18.108351,NA
"Massachusetts","Barnstable",36,NA,0.042288,NA,NA,NA,NA,NA,NA
"Massachusetts","Berkshire",37,NA,0.041607,5.89468472222222,NA,NA,NA,NA,NA
"Massachusetts","Bristol",40,0.5469896,0.043961625,6.717206,NA,NA,NA,NA,NA
"Massachusetts","Dukes",38,NA,0.04612125,NA,NA,NA,NA,NA,NA
"Massachusetts","Essex",37,NA,0.041302375,5.66339057142857,NA,8.96440025,1.193782,5.724585,NA
"Massachusetts","Franklin",37,NA,0.0405705,6.08816922222222,NA,NA,NA,NA,NA
"Massachusetts","Hampden",39,0.353425,0.04306,5.60683363636364,NA,11.837212,3.832266,11.298073,0.3275145
"Massachusetts","Hampshire",38,0.1368538,0.042714,5.521368,6.017241,3.0264045,0.1785205,2.096545,NA
"Massachusetts","Middlesex",37,NA,0.03930475,6.9516958,NA,15.8826655,9.522757,19.991911,NA
"Massachusetts","Norfolk",34,NA,0.04205075,NA,NA,6.0155545,1.339063,4.86987,NA
"Massachusetts","Plymouth",37,NA,0.04296175,5.90511,NA,NA,NA,NA,NA
"Massachusetts","Suffolk",38,0.3543411,0.03500225,6.3814392962963,9.9807185,18.4193496666667,5.4231285,18.5587186666667,0.18183875
"Massachusetts","Worcester",40,0.3874214,0.041238625,6.84378044444444,12.672414,15.92359,6.87064,17.385816,0.2659855
"Michigan","Allegan",38,NA,0.04283775,7.042056,NA,NA,NA,NA,NA
"Michigan","Bay",26,NA,NA,6.785,NA,NA,NA,NA,NA
"Michigan","Benzie",36,NA,0.0385555,NA,NA,NA,NA,NA,NA
"Michigan","Berrien",39,NA,0.04287525,NA,NA,NA,NA,NA,NA
"Michigan","Cass",39,NA,0.04359425,NA,NA,NA,NA,NA,NA
"Michigan","Chippewa",32,NA,NA,8.161571,NA,NA,NA,NA,NA
"Michigan","Clinton",35,NA,0.03889075,NA,NA,NA,NA,NA,NA
"Michigan","Genesee",38,NA,0.040357,7.08857855555556,NA,NA,NA,NA,NA
"Michigan","Huron",36,NA,0.0389255,NA,NA,NA,NA,NA,NA
"Michigan","Ingham",35,0.9246028,0.03824175,7.122857,NA,10.961614,2.126272,9.034813,NA
"Michigan","Kalamazoo",38,NA,0.0417925,7.1208285,NA,NA,NA,NA,NA
"Michigan","Kent",36,0.4695052,0.03809075,7.6659175,15.947368,NA,2.894892,NA,0.4159325
"Michigan","Keweenaw",8,NA,NA,NA,NA,NA,NA,NA,NA
"Michigan","Lenawee",39,NA,0.04219925,8.4505512,NA,NA,NA,NA,NA
"Michigan","Macomb",38,NA,0.041150625,7.3,NA,NA,NA,NA,NA
"Michigan","Manistee",35,NA,0.03920675,4.981633,NA,NA,NA,NA,NA
"Michigan","Mason",35,NA,0.0376205,NA,NA,NA,NA,NA,NA
"Michigan","Missaukee",35,NA,0.0388295,5.7907582,NA,1.6232355,0.359755,1.432905,NA
"Michigan","Monroe",1,0.8095278,NA,NA,18.377732,NA,NA,NA,NA
"Michigan","Muskegon",38,NA,0.04132925,NA,NA,NA,NA,NA,NA
"Michigan","Oakland",38,NA,0.04266,7.757759,NA,NA,NA,NA,NA
"Michigan","Ottawa",35,0.7526926,0.04248875,8.263793,12.824561,8.960644,1.408349,7.143806,NA
"Michigan","St. Clair",40,2.70848382352941,0.0425795,7.623077,NA,NA,NA,NA,NA
"Michigan","Schoolcraft",31,NA,0.03814275,4.2092262,NA,NA,NA,NA,NA
"Michigan","Tuscola",33,NA,0.04047975,NA,NA,NA,NA,NA,NA
"Michigan","Washtenaw",40,NA,0.04128075,8.15700476923077,NA,NA,NA,NA,NA
"Michigan","Wayne",53,1.81999847826087,0.039656,10.0592807954545,20.2276463333333,19.2119418333333,7.1720915,19.9486845714286,0.374916722222222
"Michigan","Wexford",34,NA,0.04053425,NA,NA,NA,NA,NA,NA
"Minnesota","Anoka",37,0.383299,0.035995375,6.70932955555556,12.223953,11.517106,1.834034,8.846151,0.2437605
"Minnesota","Becker",28,NA,0.03678125,5.1627644,NA,NA,NA,NA,NA
"Minnesota","Beltrami",20,NA,NA,5.9897658,NA,NA,NA,NA,NA
"Minnesota","Carlton",27,NA,0.0356715,3.1491832,NA,NA,NA,NA,NA
"Minnesota","Cass",13,NA,NA,4.162755,NA,NA,NA,NA,NA
"Minnesota","Cook",17,NA,NA,4.4007408,NA,NA,NA,NA,NA
"Minnesota","Crow Wing",28,NA,0.037492,4.3262088,NA,NA,NA,NA,NA
"Minnesota","Dakota",28,0.780245571428571,NA,7.07214978571429,NA,10.4697515,2.85463766666667,9.45185033333333,0.252116666666667
"Minnesota","Goodhue",37,NA,0.04060875,NA,NA,NA,NA,NA,NA
"Minnesota","Hennepin",42,1.2744618,0.0352425,7.53568368181818,23.7306374285714,19.1333335,8.328826,20.993834,0.41821225
"Minnesota","Lake",27,NA,0.0369805,4.243399,12.3839475,NA,NA,NA,NA
"Minnesota","Lyon",32,NA,0.03860675,5.916096,NA,NA,NA,NA,NA
"Minnesota","Mille Lacs",32,NA,0.03688375,NA,NA,NA,NA,NA,NA
"Minnesota","Olmsted",36,NA,0.03887125,7.33483111111111,NA,NA,NA,NA,NA
"Minnesota","Ramsey",30,NA,NA,7.45608404545454,23.198874,NA,NA,NA,0.320837
"Minnesota","Saint Louis",34,NA,0.0348065,5.05468111111111,22.532187,NA,NA,NA,NA
"Minnesota","Scott",36,NA,0.03918625,6.8292318,NA,NA,NA,NA,NA
"Minnesota","Stearns",32,NA,0.03791675,5.5236092,NA,NA,NA,NA,NA
"Minnesota","Washington",30,1.367118,0.035219,9.73939407142857,18.78423125,NA,NA,NA,NA
"Minnesota","Winona",15,NA,NA,NA,NA,NA,NA,NA,NA
"Minnesota","Wright",34,NA,0.03989775,5.5196746,NA,NA,NA,NA,NA
"Mississippi","Bolivar",43,NA,0.04349,9.067891,NA,NA,NA,NA,NA
"Mississippi","DeSoto",39,NA,0.042316,8.2411348,NA,NA,NA,NA,NA
"Mississippi","Forrest",35,NA,NA,8.84165155555556,NA,NA,NA,NA,NA
"Mississippi","Hancock",37,NA,0.0413265,7.5644192,NA,NA,NA,NA,NA
"Mississippi","Harrison",41,NA,0.0422985,9.226699,NA,NA,NA,NA,NA
"Mississippi","Hinds",44,0.52245475,0.039435375,9.21216721428571,19.1491205,11.7102315,2.638559,NA,0.137472
"Mississippi","Jackson",39,1.1038595,0.04182575,8.639099,NA,7.1368615,0.850712,4.784119,NA
"Mississippi","Lauderdale",36,NA,0.03951475,NA,NA,NA,NA,NA,NA
"Mississippi","Lee",39,NA,0.04233475,NA,NA,NA,NA,NA,NA
"Mississippi","Yalobusha",33,NA,0.03861825,NA,NA,NA,NA,NA,NA
"Missouri","Andrew",40,NA,0.043393,NA,NA,NA,NA,NA,NA
"Missouri","Boone",38,NA,0.040957875,NA,NA,NA,NA,NA,NA
"Missouri","Buchanan",33,NA,NA,8.3965003,27.945739,NA,NA,NA,NA
"Missouri","Callaway",39,NA,0.0419345,NA,NA,NA,NA,NA,NA
"Missouri","Cass",37,NA,0.043724,6.2762152,NA,NA,NA,NA,NA
"Missouri","Cedar",39,NA,0.04172325,7.5338152,NA,NA,NA,NA,NA
"Missouri","Clay",40,NA,0.044727125,6.1735694,NA,NA,NA,NA,NA
"Missouri","Clinton",42,NA,0.045085,NA,NA,NA,NA,NA,NA
"Missouri","Franklin",1,0.995778625,NA,NA,NA,NA,NA,NA,NA
"Missouri","Greene",39,NA,0.0428316875,7.1992242,12.2622365,NA,NA,NA,NA
"Missouri","Iron",17,2.497969375,NA,NA,NA,NA,NA,NA,NA
"Missouri","Jackson",38,1.3542275,NA,7.99403666666667,22.5231971666667,16.025167,5.774607,16.2407285,0.271017
"Missouri","Jasper",37,NA,0.043655,NA,22.44313575,NA,NA,NA,NA
"Missouri","Jefferson",39,0.903915583333333,0.04409725,6.5896724,12.01559,NA,NA,NA,NA
"Missouri","Lincoln",40,NA,0.043250125,NA,NA,NA,NA,NA,NA
"Missouri","Monroe",35,1.07797525,0.040893,NA,10.898852,2.6504535,1.010321,2.794911,NA
"Missouri","New Madrid",131,28.9840109166667,NA,NA,NA,NA,NA,NA,NA
"Missouri","Perry",40,NA,0.04367275,NA,NA,NA,NA,NA,NA
"Missouri","Saint Charles",36,1.048421375,0.044443625,NA,NA,NA,NA,NA,NA
"Missouri","Sainte Genevieve",38,NA,0.042208125,NA,NA,NA,NA,NA,NA
"Missouri","Saint Louis",43,1.77993075,0.0435928125,8.87249455555555,NA,14.751862,6.619956,16.405178,NA
"Missouri","Stoddard",21,NA,NA,NA,NA,NA,NA,NA,NA
"Missouri","Taney",18,NA,NA,NA,NA,NA,NA,NA,NA
"Missouri","St. Louis City",47,0.88747375,0.038840625,9.303531225,21.0186651428571,16.27796275,5.03038166666667,15.6286945,0.262706
"Montana","Cascade",21,NA,NA,NA,NA,NA,NA,NA,NA
"Montana","Fergus",37,NA,0.042985,3.7415686,7.892655,1.7126465,0.124345,0.937478,NA
"Montana","Flathead",37,NA,0.03839225,6.59666153333333,17.9664523888889,NA,NA,NA,NA
"Montana","Gallatin",25,NA,NA,0.9180266,NA,4.4909775,1.69954,3.42061,0.206477
"Montana","Lake",7,NA,NA,NA,NA,NA,NA,NA,NA
"Montana","Lewis and Clark",40,0.35267,0.041764,5.29938891780822,NA,NA,0.05734,NA,0.1211865
"Montana","Lincoln",36,NA,NA,11.5399949333333,16.6967586666667,NA,NA,NA,NA
"Montana","Missoula",40,NA,NA,7.7832482,17.0556051666667,NA,NA,NA,NA
"Montana","Phillips",34,NA,0.04006325,4.01487086666667,7.68732416666667,1.399755,0.041911,0.798075,NA
"Montana","Powder River",38,NA,0.0438215,5.27488493333333,17.0994836666667,1.810891,0.037075,1.226871,NA
"Montana","Powell",6,NA,NA,NA,NA,NA,NA,NA,NA
"Montana","Ravalli",14,NA,NA,4.6209286,NA,NA,NA,NA,NA
"Montana","Richland",37,0.619235,0.04312825,4.48403,10.0590658333333,2.121114,0.07418,1.479428,NA
"Montana","Roosevelt",10,NA,NA,NA,NA,NA,NA,NA,NA
"Montana","Rosebud",36,NA,0.0421265,4.23625493333333,11.5569993333333,1.189838,0.023329,0.764392,NA
"Montana","Sanders",25,NA,NA,NA,12.3860591666667,NA,NA,NA,NA
"Montana","Sheridan",14,NA,NA,NA,NA,NA,NA,NA,NA
"Montana","Silver Bow",20,NA,NA,5.84637905263158,20.2918355,NA,NA,NA,NA
"Montana","Yellowstone",21,1.6405395,NA,5.91653173333333,NA,NA,NA,NA,NA
"Nebraska","Cass",13,NA,NA,NA,15.904414,NA,NA,NA,NA
"Nebraska","Douglas",38,0.746771538461538,0.03720975,6.77077552941176,18.8258884,NA,1.362876,NA,0.278528
"Nebraska","Hall",19,NA,NA,5.064948,NA,NA,NA,NA,NA
"Nebraska","Knox",35,NA,0.0418725,NA,NA,NA,NA,NA,NA
"Nebraska","Lancaster",31,0.76713325,0.0390255,6.4138445,NA,NA,NA,NA,NA
"Nebraska","Sarpy",29,NA,NA,7.8450654,NA,NA,NA,NA,NA
"Nebraska","Scotts Bluff",19,NA,NA,4.835398,NA,NA,NA,NA,NA
"Nebraska","Thomas",13,NA,NA,NA,NA,NA,NA,NA,NA
"Nebraska","Washington",25,NA,NA,6.512931,NA,NA,NA,NA,NA
"Nevada","Churchill",41,NA,0.044342,NA,NA,NA,NA,NA,NA
"Nevada","Clark",54,0.70311075,0.048998875,6.28445806382979,20.7215030555556,21.8353444285714,13.588083,NA,0.3032565
"Nevada","Douglas",13,NA,NA,3.8483276,NA,NA,NA,NA,NA
"Nevada","Elko",14,NA,NA,NA,17.064279,NA,NA,NA,NA
"Nevada","Lyon",39,NA,0.0416055,NA,26.4908263333333,NA,NA,NA,NA
"Nevada","Nye",15,NA,NA,NA,17.2154379375,NA,NA,NA,NA
"Nevada","Washoe",46,0.1877524,0.0433798214285714,4.64450533333333,18.1460963636364,17.557748,4.704741,16.300062,0.28037775
"Nevada","White Pine",44,NA,0.04850575,NA,NA,NA,NA,NA,NA
"Nevada","Carson City",41,NA,0.0458625,4.22225488888889,NA,NA,NA,NA,NA
"New Hampshire","Belknap",31,NA,0.03750125,3.30578215384615,NA,NA,NA,NA,NA
"New Hampshire","Cheshire",34,NA,0.03900925,5.42377144444444,NA,NA,NA,NA,NA
"New Hampshire","Coos",40,NA,0.039978125,NA,NA,NA,NA,NA,NA
"New Hampshire","Grafton",33,NA,0.035052125,4.8752848,NA,NA,NA,NA,NA
"New Hampshire","Hillsborough",37,0.5188976,0.039999375,3.15991055555556,NA,NA,NA,NA,0.1370055
"New Hampshire","Merrimack",27,1.002705,0.038802,NA,NA,NA,NA,NA,NA
"New Hampshire","Rockingham",37,1.0839148,0.0391430833333333,4.89121311111111,11.6414335,4.2911455,0.664727,NA,0.158987
"New Jersey","Atlantic",37,0.08909,0.042285,6.54855692307692,NA,NA,NA,NA,NA
"New Jersey","Bergen",44,NA,0.043084,9.27379122222222,NA,24.0373575,9.449977,26.196806,0.2392095
"New Jersey","Camden",44,0.6791558,0.045565,8.95975,16.943662,16.9264135,4.363591,15.844669,0.2384345
"New Jersey","Cumberland",40,NA,0.04524875,7.81418,NA,10.62639,3.547371,9.947005,NA
"New Jersey","Essex",41,0.2664598,0.03670175,8.47025133333333,13.018519,23.794938,6.787947,22.943548,0.2964785
"New Jersey","Gloucester",37,NA,0.04235825,7.138983,NA,NA,NA,NA,NA
"New Jersey","Hudson",41,0.569062,0.04094125,8.18654882352941,15.2135245,25.66194725,10.330825,28.931213,0.322695
"New Jersey","Hunterdon",39,NA,0.044272,7.7964546,NA,NA,NA,NA,NA
"New Jersey","Mercer",41,NA,0.04499475,7.59987455555556,NA,NA,NA,NA,NA
"New Jersey","Middlesex",40,NA,0.045219,7.39608522222222,NA,16.0534905,2.993396,16.786865,NA
"New Jersey","Monmouth",37,NA,0.04200475,NA,NA,NA,NA,NA,NA
"New Jersey","Morris",36,0.2069974,0.04353825,5.553097,NA,5.5304345,0.613318,3.888855,NA
"New Jersey","Ocean",38,NA,0.04546625,6.25942,NA,NA,NA,NA,NA
"New Jersey","Passaic",39,NA,0.04207275,7.673451,NA,NA,NA,NA,NA
"New Jersey","Union",42,0.5553803,NA,8.57842213636364,NA,27.158504,15.569768,35.776984,0.3784435
"New Jersey","Warren",35,0.502739,0.03727375,7.16581811111111,NA,17.607011,15.305502,26.621507,NA
"New Mexico","Bernalillo",51,0.6209082,0.0481684166666667,6.16031403030303,24.7370970833333,15.590298,4.24375625,13.5897395,0.1692455
"New Mexico","Catron",9,NA,NA,NA,NA,NA,NA,NA,NA
"New Mexico","Chaves",15,NA,NA,NA,NA,NA,NA,NA,NA
"New Mexico","Dona Ana",51,NA,0.0484647,6.66512659259259,29.137165,11.16400925,1.5930485,7.5449975,NA
"New Mexico","Eddy",47,NA,0.050301,NA,NA,9.026602,0.79359,5.938112,NA
"New Mexico","Lea",45,NA,0.04769425,7.5277392,NA,8.778585,1.109657,6.087608,NA
"New Mexico","Lincoln",10,NA,NA,NA,NA,NA,NA,NA,NA
"New Mexico","Los Alamos",8,NA,NA,NA,NA,NA,NA,NA,NA
"New Mexico","Luna",12,NA,NA,NA,19.397355,NA,NA,NA,NA
"New Mexico","Rio Arriba",43,NA,0.04714175,NA,NA,NA,NA,NA,NA
"New Mexico","Sandoval",44,NA,0.04783275,NA,15.7573766666667,NA,NA,NA,NA
"New Mexico","San Juan",49,0.226980071428571,0.04696225,NA,7.8500125,7.427453,1.5146575,6.21444275,NA
"New Mexico","Santa Fe",44,NA,0.04913875,2.882555,NA,NA,NA,NA,NA
"New Mexico","Socorro",10,NA,NA,NA,NA,NA,NA,NA,NA
"New Mexico","Taos",15,NA,NA,4.9578266,NA,NA,NA,NA,NA
"New Mexico","Valencia",44,NA,0.047367,NA,NA,NA,NA,NA,NA
"New York","Albany",37,0.2299934,0.03930475,6.14165464705882,NA,NA,NA,NA,0.198584
"New York","Bronx",40,0.6065697,0.041752,7.71168923076923,12.594212,21.4361575,2.977181,19.617956,0.2746435
"New York","Chautauqua",37,0.2187362,0.0437765,5.929565,NA,NA,NA,NA,NA
"New York","Dutchess",33,0.2640014,0.040419,NA,NA,NA,NA,NA,NA
"New York","Erie",38,0.5220768,0.04225875,6.5706975,12.612245,14.96062025,4.9878995,13.9492015,0.23726225
"New York","Essex",42,0.1562122,0.04075675,2.846,NA,NA,0.202706,NA,NA
"New York","Franklin",0,0.202878,NA,NA,NA,NA,NA,NA,NA
"New York","Hamilton",34,0.0612678,0.039248,NA,NA,NA,NA,NA,NA
"New York","Herkimer",27,0.336828,0.032878,NA,NA,NA,NA,NA,NA
"New York","Jefferson",35,NA,0.038868,NA,NA,NA,NA,NA,NA
"New York","Kings",27,NA,NA,7.592373,NA,NA,NA,NA,NA
"New York","Monroe",36,0.2199656,0.03695375,6.40737438461538,9.966667,11.284408,3.4754635,13.500024,0.23525325
"New York","Nassau",22,0.3630484,NA,NA,NA,NA,NA,NA,NA
"New York","New York",39,NA,0.04085725,7.85869975,14.935484,NA,NA,NA,0.273449
"New York","Niagara",35,NA,0.0408955,NA,NA,NA,NA,NA,NA
"New York","Oneida",18,NA,NA,NA,NA,NA,NA,NA,NA
"New York","Onondaga",37,0.1423336,0.04142925,5.90645877777778,NA,NA,NA,NA,NA
"New York","Orange",36,NA,0.0390275,5.826271,NA,NA,NA,NA,NA
"New York","Oswego",34,NA,0.03888725,NA,NA,NA,NA,NA,NA
"New York","Putnam",34,0.1571482,0.04094975,NA,NA,NA,NA,NA,NA
"New York","Queens",40,0.4927078,0.038976,6.71849007692308,11.423729,22.44429225,6.668934,20.1592,0.288275
"New York","Richmond",37,NA,0.04221575,7.566379,NA,NA,NA,NA,NA
"New York","Rockland",36,NA,0.042832,NA,NA,NA,NA,NA,NA
"New York","St. Lawrence",17,4.4963537,NA,NA,NA,NA,NA,NA,NA
"New York","Saratoga",33,NA,0.03831925,NA,NA,NA,NA,NA,NA
"New York","Seneca",0,0.3266608,NA,NA,NA,NA,NA,NA,NA
"New York","Steuben",35,0.103303,0.0374035,5.34942477777778,NA,NA,0.05632,NA,0.1686895
"New York","Suffolk",40,0.139774,0.0451435625,6.408036,NA,6.1799735,NA,NA,NA
"New York","Tompkins",34,0.1367968,0.04050675,NA,NA,NA,NA,NA,NA
"New York","Wayne",35,NA,0.0404565,NA,NA,NA,NA,NA,NA
"New York","Westchester",36,NA,0.0432645,NA,NA,NA,NA,NA,NA
"North Carolina","Alexander",39,NA,0.04548075,NA,10.620543,NA,NA,NA,NA
"North Carolina","Avery",40,NA,0.043613,NA,NA,NA,0.008357,NA,NA
"North Carolina","Beaufort",0,0.284188,NA,NA,NA,NA,NA,NA,NA
"North Carolina","Brunswick",0,2.7717095,NA,NA,NA,NA,NA,NA,NA
"North Carolina","Buncombe",38,0.29612575,0.0439135,5.99922277777778,NA,NA,NA,NA,NA
"North Carolina","Caldwell",39,-0.047727,0.045201,NA,NA,NA,NA,NA,NA
"North Carolina","Carteret",37,NA,0.0436785,NA,NA,NA,NA,NA,NA
"North Carolina","Caswell",39,NA,0.04255075,NA,NA,NA,NA,NA,NA
"North Carolina","Catawba",33,NA,NA,7.37774442857143,NA,NA,NA,NA,NA
"North Carolina","Cumberland",41,-0.0264796,0.046005375,7.51140788888889,13.547877,NA,NA,NA,NA
"North Carolina","Davidson",35,NA,NA,8.36496933333333,NA,NA,NA,NA,NA
"North Carolina","Durham",42,0.188077833333333,0.04553625,7.612448,12.434548,NA,NA,NA,NA
"North Carolina","Edgecombe",36,NA,0.04389175,NA,NA,NA,NA,NA,NA
"North Carolina","Forsyth",45,0.3830368,0.0470488333333333,8.11320216666667,14.1894305,10.8135035,1.509703,8.125596,NA
"North Carolina","Graham",44,NA,0.04734875,NA,NA,NA,NA,NA,NA
"North Carolina","Granville",44,NA,0.04726475,NA,NA,NA,NA,NA,NA
"North Carolina","Guilford",42,NA,0.04866625,6.8515658,14.748485,NA,NA,NA,NA
"North Carolina","Haywood",43,1.821919,0.0463793333333333,NA,NA,NA,NA,NA,NA
"North Carolina","Hyde",20,NA,NA,NA,NA,NA,NA,NA,NA
"North Carolina","Jackson",26,NA,NA,6.461121,NA,NA,NA,NA,NA
"North Carolina","Johnston",40,NA,0.04521625,8.0954346,NA,NA,NA,NA,NA
"North Carolina","Lenoir",42,NA,0.0456825,NA,NA,NA,NA,NA,NA
"North Carolina","Lincoln",44,NA,0.04831875,NA,NA,NA,NA,NA,NA
"North Carolina","Macon",33,NA,0.0387345,NA,NA,NA,NA,NA,NA
"North Carolina","Martin",36,-0.106373666666667,0.04643775,NA,7.765095,NA,NA,NA,NA
"North Carolina","Mecklenburg",45,0.2915622,0.046235,8.54404373913044,13.303974,13.6382135,4.12063466666667,13.938844,0.29165
"North Carolina","Mitchell",22,NA,NA,5.5514402,NA,NA,NA,NA,NA
"North Carolina","Montgomery",39,NA,0.043495,7.8830918,NA,NA,NA,NA,NA
"North Carolina","New Hanover",34,NA,0.04383275,3.8463678,NA,NA,NA,NA,NA
"North Carolina","Northampton",32,NA,NA,8.0041926,NA,3.258747,0.155354,1.899709,NA
"North Carolina","Person",39,1.7278445,0.047495,NA,NA,NA,NA,NA,NA
"North Carolina","Pitt",38,NA,0.045384,6.60185255555556,NA,NA,NA,NA,NA
"North Carolina","Rockingham",44,NA,0.0472235,NA,NA,NA,NA,NA,NA
"North Carolina","Rowan",43,NA,0.049036,8.9762544,NA,NA,NA,NA,NA
"North Carolina","Swain",37,NA,0.040504,7.1704752,NA,NA,NA,NA,NA
"North Carolina","Union",45,NA,0.04843625,NA,NA,NA,NA,NA,NA
"North Carolina","Wake",46,0.128050833333333,0.042815,8.75156742857143,14.6051585,11.27563125,4.00853733333333,12.305425,0.28133325
"North Carolina","Yancey",45,NA,0.0483885,NA,NA,NA,NA,NA,NA
"North Dakota","Billings",33,1.549277,0.0413505,3.4409472,NA,NA,NA,NA,NA
"North Dakota","Burke",32,1.65054975,0.040581,3.4575256,8.186103,3.2240995,0.219723,2.217981,NA
"North Dakota","Burleigh",31,0.76497175,0.038359,5.33011177777778,15.689774,8.2099425,0.927341,5.731208,0.162088
"North Dakota","Cass",33,0.847526,0.03544225,6.4477226,13.8436995,7.8100325,1.018159,5.239851,NA
"North Dakota","Dunn",34,0.829753,0.041818,4.1396782,4.6315065,4.030557,0.292178,2.701961,NA
"North Dakota","McKenzie",34,0.8210695,0.04227525,3.5784608,7.652159,2.737867,0.376868,2.076021,NA
"North Dakota","Mercer",35,1.69943225,0.04023475,4.81398173333333,6.2868305,3.88812225,0.6409365,2.84703,NA
"North Dakota","Oliver",34,1.35724175,0.04246225,4.5601798,9.2412685,3.452481,0.772561,2.815882,NA
"North Dakota","Ward",29,0.99403225,0.0392495,4.5044288,5.9504725,3.7471655,0.252374,2.577472,NA
"North Dakota","Williams",34,2.335172,0.0409455,4.0378952,6.69216,NA,NA,NA,NA
"Ohio","Adams",20,0.18154275,NA,NA,NA,NA,NA,NA,NA
"Ohio","Allen",39,0.07651425,0.04476125,7.69438746153846,NA,NA,NA,NA,NA
"Ohio","Ashtabula",34,0.93851875,0.0435655,NA,NA,NA,NA,NA,NA
"Ohio","Athens",25,NA,NA,6.396763,NA,NA,NA,NA,NA
"Ohio","Belmont",15,0.24051225,NA,8.658065,15.673532,10.622983,3.208492,10.574154,0.1485925
"Ohio","Butler",44,2.39254783333333,0.0474475833333333,10.0946658703704,27.1743354,NA,NA,NA,NA
"Ohio","Clark",45,0.16282875,0.045470875,8.98648223076923,NA,NA,NA,NA,NA
"Ohio","Clermont",40,NA,0.0486655,NA,NA,NA,NA,NA,NA
"Ohio","Clinton",43,NA,0.04668825,NA,NA,NA,NA,NA,NA
"Ohio","Columbiana",1,0.44399375,NA,NA,11.4978343333333,NA,NA,NA,NA
"Ohio","Cuyahoga",50,1.22568605,0.0424635625,8.95264393478261,21.7698895833333,13.86998125,3.33456966666667,12.7466985,0.251838
"Ohio","Delaware",41,NA,0.04464125,NA,NA,NA,NA,NA,NA
"Ohio","Fayette",38,NA,0.04514975,NA,NA,NA,NA,NA,NA
"Ohio","Franklin",46,0.110046,0.045530125,9.11487171428571,17.333333,14.56690575,4.946264,14.552739,0.15213625
"Ohio","Gallia",6,2.10893458333333,NA,NA,NA,NA,NA,NA,NA
"Ohio","Geauga",42,NA,0.0466125,NA,NA,NA,NA,NA,NA
"Ohio","Greene",41,NA,0.045249,NA,NA,NA,NA,NA,NA
"Ohio","Hamilton",52,1.45655625,0.0458599166666667,9.43382669230769,15.876791,18.0043546666667,10.6942886666667,28.9031985,0.28563975
"Ohio","Harrison",2,NA,NA,7.575439,16.018182,NA,NA,NA,0.1560325
"Ohio","Jefferson",45,0.999101166666667,0.042665,8.8733735,14.5013586666667,NA,NA,NA,NA
"Ohio","Knox",41,NA,0.045722,NA,NA,NA,NA,NA,NA
"Ohio","Lake",37,1.07009475,0.044559,6.518333,13,NA,NA,NA,0.129536
"Ohio","Lawrence",39,0.11240975,0.043670125,6.764348,10.9,NA,NA,NA,NA
"Ohio","Licking",41,NA,0.043719875,NA,NA,NA,NA,NA,NA
"Ohio","Lorain",38,NA,0.04106975,7.10837176923077,9.622951,NA,NA,NA,NA
"Ohio","Lucas",40,0.64815825,0.0431745833333333,8.23506333333333,NA,NA,NA,NA,NA
"Ohio","Madison",42,NA,0.0463495,NA,NA,NA,NA,NA,NA
"Ohio","Mahoning",39,0.605083,0.04388025,8.09565633333333,15.034483,NA,NA,NA,NA
"Ohio","Medina",38,NA,0.03962025,7.84770666666667,NA,NA,NA,NA,NA
"Ohio","Miami",40,NA,0.04394475,NA,NA,NA,NA,NA,NA
"Ohio","Montgomery",45,NA,0.0461,8.95586688888889,19.646695,NA,NA,NA,0.2879805
"Ohio","Morgan",1,0.88375625,NA,NA,NA,NA,NA,NA,NA
"Ohio","Noble",37,NA,0.04509325,NA,NA,NA,NA,NA,NA
"Ohio","Portage",37,NA,0.040878,7.515238,NA,NA,NA,NA,NA
"Ohio","Preble",43,0.5059255,0.040542,8.131024,NA,NA,1.603585,NA,0.1476605
"Ohio","Scioto",14,1.420767125,NA,6.753571,10.1164411428571,NA,NA,NA,NA
"Ohio","Stark",46,NA,0.0461554166666667,9.12262829411765,NA,NA,NA,NA,0.273479
"Ohio","Summit",42,0.183672,0.04487325,8.32968411764706,NA,NA,NA,NA,NA
"Ohio","Trumbull",40,NA,0.043880625,7.77936953846154,10.9991665,NA,NA,NA,NA
"Ohio","Warren",43,NA,0.04838225,NA,NA,NA,NA,NA,NA
"Ohio","Washington",41,NA,0.04516675,NA,NA,NA,NA,NA,NA
"Ohio","Wood",38,NA,0.0419975,NA,NA,NA,NA,NA,NA
"Oklahoma","Adair",37,0.5152186,0.03899425,NA,16.3101045,NA,0.250923,2.310861,0.1693895
"Oklahoma","Canadian",37,NA,0.04508775,NA,NA,NA,NA,NA,NA
"Oklahoma","Carter",43,NA,0.045909,7.7245782,NA,NA,NA,NA,NA
"Oklahoma","Choctaw",37,NA,0.0412165,NA,NA,NA,NA,NA,NA
"Oklahoma","Cleveland",45,NA,0.04525825,10.0105934,NA,NA,NA,NA,NA
"Oklahoma","Comanche",43,NA,0.0454135,8.2024278,NA,NA,NA,NA,NA
"Oklahoma","Creek",36,NA,0.0431205,NA,NA,NA,NA,NA,NA
"Oklahoma","Custer",14,NA,NA,NA,17.148157,NA,NA,NA,NA
"Oklahoma","Dewey",42,NA,0.04462125,7.9382338,NA,NA,NA,NA,NA
"Oklahoma","Garfield",0,0.8469318,NA,NA,NA,NA,NA,NA,NA
"Oklahoma","Johnston",40,NA,0.043142,NA,NA,NA,NA,NA,NA
"Oklahoma","Kay",40,1.345409,0.04086325,7.9156628,NA,NA,NA,NA,NA
"Oklahoma","Le Flore",28,NA,NA,7.251351,14.5,NA,NA,NA,NA
"Oklahoma","Mayes",32,1.2608806,0.0396565,NA,NA,NA,NA,NA,NA
"Oklahoma","Muskogee",5,0.167621,NA,NA,30.881565,NA,NA,NA,NA
"Oklahoma","Nowata",41,NA,0.043206,8.3504352,NA,NA,NA,NA,NA
"Oklahoma","Oklahoma",46,0.0068958,0.04598575,8.35727644444444,16.394897,12.80621,6.352088,14.9447855,0.28108175
"Oklahoma","Osage",38,NA,0.0449655,NA,NA,NA,NA,NA,NA
"Oklahoma","Ottawa",38,NA,0.040179,8.32155433333333,16.1799575,NA,NA,NA,NA
"Oklahoma","Pittsburg",43,NA,0.04379375,7.69839888888889,NA,NA,NA,NA,NA
"Oklahoma","Sequoyah",36,NA,0.039334,8.124793,NA,7.983027,0.566662,4.968972,NA
"Oklahoma","Tulsa",44,0.25965885,0.0423840833333333,8.00281427777778,15.542373,11.692679,2.6749765,9.747486,0.225798
"Oregon","Baker",23,NA,NA,NA,NA,NA,NA,NA,NA
"Oregon","Benton",17,NA,NA,NA,NA,NA,NA,NA,NA
"Oregon","Clackamas",31,NA,0.03866225,NA,NA,NA,NA,NA,NA
"Oregon","Columbia",24,NA,0.03279925,NA,NA,NA,NA,NA,NA
"Oregon","Coos",19,NA,NA,NA,NA,NA,NA,NA,NA
"Oregon","Crook",23,NA,NA,7.631897,NA,NA,NA,NA,NA
"Oregon","Deschutes",20,NA,NA,NA,NA,NA,NA,NA,NA
"Oregon","Douglas",24,NA,NA,NA,NA,NA,NA,NA,NA
"Oregon","Grant",30,NA,NA,NA,NA,NA,NA,NA,NA
"Oregon","Harney",33,NA,NA,8.57398611111111,15.6425816666667,NA,NA,NA,NA
"Oregon","Jackson",36,NA,0.04370525,8.743697,16.8709725,NA,NA,NA,NA
"Oregon","Jefferson",22,NA,NA,NA,NA,NA,NA,NA,NA
"Oregon","Josephine",26,NA,NA,9.546667,NA,NA,NA,NA,NA
"Oregon","Klamath",29,NA,NA,9.45517733333333,20.8433713333333,NA,NA,NA,NA
"Oregon","Lake",19,NA,NA,6.632231,NA,NA,NA,NA,NA
"Oregon","Lane",38,NA,0.034203375,7.6870664,15.0826893333333,NA,NA,NA,NA
"Oregon","Linn",28,NA,NA,NA,NA,NA,NA,NA,NA
"Oregon","Marion",32,NA,0.03581275,NA,NA,NA,NA,NA,NA
"Oregon","Multnomah",34,0.458778555555556,0.031287,6.486777,10.9574036,11.511585,7.9440815,13.07163,0.1803235
"Oregon","Umatilla",37,NA,0.043189,NA,NA,NA,NA,NA,NA
"Oregon","Union",20,NA,NA,NA,14.393443,NA,NA,NA,NA
"Oregon","Wallowa",22,NA,NA,NA,NA,NA,NA,NA,NA
"Oregon","Wasco",23,NA,NA,NA,NA,NA,NA,NA,NA
"Oregon","Washington",32,NA,0.0300215,6.79891833333333,12.28699,14.4729265,13.227378,23.766994,0.252386
"Pennsylvania","Adams",42,0.1569916,0.0457775,9.0724124,NA,2.694415,0.178537,1.711992,0.110093
"Pennsylvania","Allegheny",55,2.34678384,0.0428094166666667,9.99463988333333,16.6625076,12.18846075,3.80406133333333,11.524909,0.333785166666667
"Pennsylvania","Armstrong",37,NA,0.04270725,7.7038424,NA,NA,NA,NA,NA
"Pennsylvania","Beaver",45,0.6183832,0.0454225833333333,9.50535855555555,17.377966,12.611516,5.858462,13.406067,NA
"Pennsylvania","Berks",42,0.0453702,0.042694125,8.64891911111111,NA,NA,NA,NA,NA
"Pennsylvania","Blair",41,0.9755192,0.04342975,9.3665208,NA,NA,NA,NA,NA
"Pennsylvania","Bradford",36,NA,0.04004275,7.3367482,NA,4.231257,0.54996,3.418692,NA
"Pennsylvania","Bucks",35,NA,0.0456135,NA,NA,NA,NA,NA,NA
"Pennsylvania","Cambria",39,0.6637584,0.04008375,9.12219825,11.520784,10.335751,2.528801,8.86323,0.0875305
"Pennsylvania","Centre",44,0.102419,0.04256325,9.8291564,NA,6.4090405,0.644821,4.213691,NA
"Pennsylvania","Chester",43,NA,0.047236,8.73866066666667,NA,NA,NA,NA,NA
"Pennsylvania","Clearfield",33,NA,0.03968725,NA,NA,NA,NA,NA,NA
"Pennsylvania","Cumberland",38,NA,NA,9.73400833333333,NA,NA,NA,NA,NA
"Pennsylvania","Dauphin",41,NA,0.042618125,8.42914877777778,13.610712,NA,NA,NA,NA
"Pennsylvania","Delaware",44,NA,0.0458715,9.06887673684211,NA,13.146456,3.89608,11.90098,NA
"Pennsylvania","Elk",35,NA,0.04251275,NA,NA,NA,NA,NA,NA
"Pennsylvania","Erie",36,NA,0.04018375,7.5098268,12.1377115,8.3594205,0.770375,4.944219,0.053637
"Pennsylvania","Fayette",39,NA,0.043892,7.4718276,NA,4.999412,0.583215,3.751834,NA
"Pennsylvania","Franklin",36,NA,0.0443945,NA,NA,NA,NA,NA,NA
"Pennsylvania","Greene",35,NA,0.04160175,6.5765039,NA,NA,NA,NA,NA
"Pennsylvania","Indiana",38,1.2021412,0.045945,NA,NA,NA,NA,NA,NA
"Pennsylvania","Lackawanna",37,NA,0.039943625,6.4460517,NA,15.2829365,6.071046,14.21575,0.1698155
"Pennsylvania","Lancaster",45,NA,0.0439705,9.71963613636364,15.8367095,NA,NA,NA,NA
"Pennsylvania","Lawrence",31,NA,0.03887225,NA,NA,NA,NA,NA,NA
"Pennsylvania","Lebanon",42,NA,0.04389875,8.76742822222222,NA,NA,NA,NA,NA
"Pennsylvania","Lehigh",38,NA,0.0428925,8.5093082,13.2905295,NA,NA,NA,NA
"Pennsylvania","Luzerne",34,0.4592728,0.04189525,NA,12.6303145,NA,NA,NA,NA
"Pennsylvania","Lycoming",35,NA,0.04000225,7.2204992,NA,NA,NA,NA,NA
"Pennsylvania","Mercer",41,NA,0.044075,8.004363,NA,NA,NA,NA,NA
"Pennsylvania","Monroe",34,NA,0.0417165,NA,NA,NA,NA,NA,NA
"Pennsylvania","Montgomery",35,NA,0.04328275,7.5652902,NA,NA,NA,NA,NA
"Pennsylvania","Northampton",40,0.3618872,0.04436725,8.23409011111111,NA,11.3991625,3.544649,10.274662,NA
"Pennsylvania","Philadelphia",44,0.9843789,0.0422939166666667,8.17451927586207,18.257264,18.4255915,12.7722325,26.093036,0.363524833333333
"Pennsylvania","Somerset",36,NA,0.043596,NA,NA,NA,NA,NA,NA
"Pennsylvania","Susquehanna",24,NA,NA,6.5671668,NA,NA,NA,NA,NA
"Pennsylvania","Tioga",36,NA,0.041916,5.6808825,NA,1.250492,0.23664,0.695435,NA
"Pennsylvania","Warren",9,1.8963894,NA,NA,NA,NA,NA,NA,NA
"Pennsylvania","Washington",44,0.895764,0.0430918333333333,7.60788791666667,NA,7.14345,2.4633635,6.560288,NA
"Pennsylvania","Westmoreland",38,NA,0.044133,6.974941,NA,NA,NA,NA,NA
"Pennsylvania","Wyoming",29,NA,NA,8.9486964,NA,NA,NA,NA,NA
"Pennsylvania","York",41,0.2870907,0.0423475,8.8737862,NA,13.1286235,4.219618,11.910692,NA
"Rhode Island","Kent",32,NA,0.045223,3.9415416,NA,NA,NA,NA,NA
"Rhode Island","Providence",43,0.2727254,0.0431395,6.08878362962963,11.8820393333333,13.3232126666667,10.270521,26.444011,0.36963075
"Rhode Island","Washington",36,NA,0.046941,3.9327484,NA,NA,NA,NA,NA
"South Carolina","Aiken",39,NA,0.044635,NA,NA,NA,NA,NA,NA
"South Carolina","Anderson",43,NA,0.04727325,NA,NA,NA,NA,NA,NA
"South Carolina","Berkeley",36,NA,0.0427195,NA,NA,NA,NA,NA,NA
"South Carolina","Charleston",38,0.461181,0.0438655,7.003137,15.7028955,6.7856465,1.4342325,4.8102265,NA
"South Carolina","Chesterfield",39,NA,0.0475275,7.121698,7.166667,NA,NA,NA,NA
"South Carolina","Colleton",29,NA,NA,NA,NA,NA,NA,NA,NA
"South Carolina","Darlington",41,NA,0.047097,NA,NA,NA,NA,NA,NA
"South Carolina","Edgefield",39,NA,0.044635,7.673214,NA,NA,NA,NA,NA
"South Carolina","Florence",30,NA,NA,7.714407,NA,NA,NA,NA,NA
"South Carolina","Georgetown",14,NA,NA,NA,17.0124605,NA,NA,NA,NA
"South Carolina","Greenville",45,0.1871004,0.0493605,7.71954088235294,12.9542535,13.9488785,1.994719,9.826134,NA
"South Carolina","Horry",41,NA,0.04698675,NA,NA,NA,NA,NA,NA
"South Carolina","Lexington",33,0.2352658,NA,7.42618588888889,14.8421185,NA,NA,NA,NA
"South Carolina","Oconee",41,0.0845528,0.04714425,6.2998294,NA,NA,NA,NA,NA
"South Carolina","Pickens",45,NA,0.04836075,NA,NA,NA,NA,NA,NA
"South Carolina","Richland",42,0.1401838,0.0422655833333333,7.645113,NA,6.4220845,1.0428375,3.496949,0.092653
"South Carolina","Spartanburg",44,NA,0.04956175,7.48486,NA,NA,NA,NA,NA
"South Carolina","York",44,0.1278546,0.04757375,7.846822,NA,NA,NA,NA,NA
"South Dakota","Brookings",42,NA,0.0489025,4.2036334,15.817765,NA,NA,NA,NA
"South Dakota","Brown",20,NA,NA,5.764548,14.227424,NA,NA,NA,NA
"South Dakota","Codington",25,NA,NA,6.306898,20.6776035,NA,NA,NA,NA
"South Dakota","Custer",39,NA,0.044973,2.6573908,6.5371745,NA,NA,NA,NA
"South Dakota","Hughes",11,NA,NA,3.2793884,NA,NA,NA,NA,NA
"South Dakota","Jackson",38,1.5879265,0.04408325,3.6746988,8.1100625,1.3829375,0.04087,1.044424,NA
"South Dakota","Meade",36,NA,0.04090625,NA,9.7659795,NA,NA,NA,NA
"South Dakota","Minnehaha",36,0.4339465,0.038886,5.45775938461538,12.3096015,7.880982,1.129002,5.42323,0.185698
"South Dakota","Pennington",30,0.778944,NA,5.32127746153846,24.483561,9.6861185,2.648981,7.806643,NA
"South Dakota","Union",35,0.721778,0.0417445,5.8024762,15.4579705,2.740455,1.330346,2.800175,NA
"Tennessee","Anderson",35,1.3518284,0.04824875,NA,NA,NA,NA,NA,NA
"Tennessee","Blount",41,0.1077846,0.042790625,6.5731054,NA,0.9892595,0.027839,NA,0.1661795
"Tennessee","Claiborne",35,NA,0.0431425,NA,NA,NA,NA,NA,NA
"Tennessee","Davidson",45,2.323492,0.044609125,8.62453554545455,14.9446105,16.51722925,7.992804,19.1542585,0.336979
"Tennessee","DeKalb",37,NA,0.04324275,NA,NA,NA,NA,NA,NA
"Tennessee","Dyer",26,NA,NA,6.698135,NA,NA,NA,NA,NA
"Tennessee","Hamilton",45,NA,0.047441,8.06275882352941,NA,NA,NA,NA,NA
"Tennessee","Jefferson",44,NA,0.0462905,NA,NA,NA,NA,NA,NA
"Tennessee","Knox",42,NA,0.04365825,7.91082184615385,16.558595,NA,NA,NA,NA
"Tennessee","Lawrence",27,NA,NA,5.6203542,NA,NA,NA,NA,NA
"Tennessee","Loudon",37,NA,0.0451275,6.844197,NA,NA,NA,NA,NA
"Tennessee","McMinn",30,NA,NA,7.3853504,NA,NA,NA,NA,NA
"Tennessee","Madison",27,NA,NA,6.4761056,NA,NA,NA,NA,NA
"Tennessee","Maury",23,NA,NA,5.9982408,NA,NA,NA,NA,NA
"Tennessee","Montgomery",26,NA,NA,6.7496797,NA,NA,NA,NA,NA
"Tennessee","Putnam",25,NA,NA,6.2682092,NA,NA,NA,NA,NA
"Tennessee","Roane",28,NA,NA,7.054098,NA,NA,NA,NA,NA
"Tennessee","Sevier",44,NA,0.0488755,NA,NA,NA,NA,NA,NA
"Tennessee","Shelby",44,0.449136,0.0439451666666667,8.41052076923077,16.919896,15.713768,4.75682,18.462811,0.238367
"Tennessee","Sullivan",45,3.82897595,0.04612725,7.0673316,NA,NA,NA,NA,NA
"Tennessee","Sumner",40,NA,0.04689225,7.03189388888889,NA,NA,NA,NA,NA
"Tennessee","Williamson",42,NA,0.0445035,NA,NA,NA,NA,NA,NA
"Tennessee","Wilson",40,NA,0.042227,NA,NA,NA,NA,NA,NA
"Texas","Bell",42,NA,0.04299225,8.3990048,NA,5.555485,0.289434,3.267352,NA
"Texas","Bexar",49,0.27220225,0.0423676666666667,8.745238,14.922619,9.88249383333333,3.44241066666667,9.33075566666667,0.3290725
"Texas","Bowie",39,NA,NA,9.3885658,NA,NA,NA,NA,NA
"Texas","Brazoria",33,NA,0.036735625,NA,NA,6.6111015,0.766236,4.5412575,NA
"Texas","Brewster",40,NA,0.043976,5.6525602,NA,NA,NA,NA,NA
"Texas","Cameron",44,NA,0.034613,9.3075383,NA,NA,NA,NA,NA
"Texas","Collin",40,NA,0.04707575,NA,NA,NA,NA,NA,NA
"Texas","Culberson",37,NA,0.047137,NA,NA,NA,NA,NA,NA
"Texas","Dallas",45,0.44976,0.04311275,8.92363729411765,19.5366116666667,12.9083699,2.9305994,10.3530445,0.182691
"Texas","Denton",43,NA,0.046913375,7.3721968,NA,9.680974,1.5402655,7.16977,NA
"Texas","Ector",28,NA,NA,7.6415394,NA,NA,NA,NA,NA
"Texas","Ellis",40,0.4385395,0.041994875,7.294118,NA,7.3698335,0.737435,4.837963,NA
"Texas","El Paso",53,0.71613925,0.0458705,7.79790235294118,25.9170701428571,18.7132993333333,7.8195525,17.736251,0.269254166666667
"Texas","Freestone",0,0.25467225,NA,NA,NA,NA,NA,NA,NA
"Texas","Galveston",39,0.552837,0.04013325,7.38097444444444,17.065574,5.2063745,0.290004,3.082444,NA
"Texas","Gregg",35,1.3919855,0.04120725,NA,NA,5.110939,0.256453,3.494605,NA
"Texas","Harris",51,0.2806546,0.037149140625,9.403193825,22.273665,14.246003,4.9228224,14.6697053846154,0.297057
"Texas","Harrison",38,3.89031275,0.04001575,8.221429,NA,4.5010195,0.700788,3.111929,NA
"Texas","Hidalgo",42,NA,0.032272,10.5350252222222,23.552344,NA,NA,NA,NA
"Texas","Hood",35,NA,0.04281875,NA,NA,NA,NA,NA,NA
"Texas","Howard",11,6.2909545,NA,NA,NA,NA,NA,NA,NA
"Texas","Hunt",35,NA,0.04114925,NA,NA,6.034103,0.677056,4.312712,NA
"Texas","Hutchinson",19,14.35360925,NA,NA,NA,NA,NA,NA,NA
"Texas","Jefferson",43,1.4887165,0.0377125833333333,8.406626,NA,7.0076325,0.685902333333333,4.55869633333333,NA
"Texas","Johnson",38,NA,0.04627625,NA,NA,NA,NA,NA,NA
"Texas","Kaufman",39,0.3768625,0.0424155,NA,NA,6.1538675,0.396942,4.03338,NA
"Texas","Kleberg",30,NA,NA,8.3424732,NA,NA,NA,NA,NA
"Texas","Lubbock",25,NA,NA,6.4098318,NA,NA,NA,NA,NA
"Texas","McLennan",38,0.67992725,0.0429725,NA,NA,NA,NA,NA,0.1984135
"Texas","Maverick",25,NA,NA,7.42088,NA,NA,NA,NA,NA
"Texas","Milam",0,0.21869425,NA,NA,NA,NA,NA,NA,NA
"Texas","Montgomery",38,NA,0.0414315,NA,NA,4.4565085,0.396069,2.77173,NA
"Texas","Navarro",41,3.75499175,0.043029,NA,NA,6.5826115,0.422167,4.233733,NA
"Texas","Nueces",42,0.664309083333333,0.03421725,8.60692278571429,16.762712,NA,NA,NA,NA
"Texas","Orange",39,2.56790975,0.0377435,8.2527438,NA,6.551997,0.990289,4.023284,NA
"Texas","Parker",37,NA,0.04461825,NA,NA,NA,NA,NA,NA
"Texas","Polk",31,NA,0.0353115,NA,NA,NA,NA,NA,NA
"Texas","Potter",22,2.479487875,NA,5.1536154,NA,NA,NA,NA,NA
"Texas","Randall",41,NA,0.04846475,NA,NA,NA,NA,NA,NA
"Texas","Robertson",0,0.237846,NA,NA,NA,NA,NA,NA,NA
"Texas","Rockwall",34,NA,0.041025,NA,NA,NA,NA,NA,NA
"Texas","Rusk",9,5.41383575,NA,NA,NA,NA,NA,NA,NA
"Texas","Smith",36,NA,0.0425745,NA,NA,3.1934725,0.082873,1.761748,NA
"Texas","Tarrant",44,NA,0.0442254,8.7122936875,NA,12.91610775,3.18710925,11.251554,0.338039
"Texas","Titus",0,1.0393725,NA,NA,NA,NA,NA,NA,NA
"Texas","Travis",44,0.10082375,0.041456125,9.35039207142857,16.122051,12.72184575,6.076316,14.6177595,0.3588535
"Texas","Victoria",31,NA,0.03648375,NA,NA,NA,NA,NA,NA
"Texas","Webb",41,NA,0.035713,10.7085724,23.3389345,NA,NA,NA,0.218215
"Utah","Box Elder",40,NA,0.044064375,6.12818744444444,NA,6.49171925,1.517334,5.354951,NA
"Utah","Cache",44,NA,0.04570575,7.525128,16.1209865,7.876633,1.164335,5.188685,NA
"Utah","Carbon",46,NA,0.049512,NA,NA,3.996318,0.401055,2.63777,NA
"Utah","Davis",44,NA,0.04368325,5.83662488888889,13.041667,17.958274,4.189554,15.662477,NA
"Utah","Duchesne",48,NA,0.0502705,6.1367546,NA,7.0380495,0.9456365,5.1796225,NA
"Utah","Garfield",41,NA,0.045908,NA,NA,NA,NA,NA,NA
"Utah","Iron",42,NA,0.04437575,4.340933,NA,12.554802,3.957966,10.150734,NA
"Utah","Salt Lake",51,0.678480107142857,0.04042996875,6.73740095,18.79656725,20.8930402222222,9.0584415,23.6321294444444,0.252680833333333
"Utah","San Juan",44,NA,0.04773,NA,NA,NA,NA,NA,NA
"Utah","Tooele",43,NA,0.0450955,5.382322,NA,5.79744,0.619883,3.977956,NA
"Utah","Uintah",49,0.0452215,0.0479499166666667,2.67181754545455,4.75086766666667,4.053107,0.595152666666667,2.89172916666667,1.292191
"Utah","Utah",46,NA,0.044884875,5.69205022727273,17.011204,12.85853725,2.5235175,10.3685525,0.102873
"Utah","Washington",44,NA,0.047415625,4.5339322,NA,5.990773,0.658103,3.430897,NA
"Utah","Wayne",7,NA,NA,NA,NA,NA,NA,NA,NA
"Utah","Weber",42,NA,0.0426395,6.19468716666667,15.242784,20.36289725,7.6328875,20.796964,0.14540675
"Vermont","Bennington",35,NA,0.03868575,5.6390156,NA,NA,NA,NA,NA
"Vermont","Chittenden",37,0.1563022,0.038568,4.94160735714286,7.115527,8.9640745,1.1567535,8.070305,0.22545475
"Vermont","Rutland",36,0.485577,0.037867,6.86450855555556,12.04918,11.32882,4.120314,10.936806,0.1789895
"Vermont","Windham",8,NA,NA,NA,NA,NA,NA,NA,NA
"Virginia","Albemarle",40,NA,0.04297225,6.393103,NA,NA,NA,NA,NA
"Virginia","Arlington",38,NA,0.04679825,7.7358605,NA,15.0328485,3.290005,13.193612,0.2945175
"Virginia","Botetourt",0,0.50458,NA,NA,NA,NA,NA,NA,NA
"Virginia","Caroline",39,NA,0.04251425,NA,NA,NA,NA,NA,NA
"Virginia","Carroll",9,NA,NA,NA,9.311475,NA,NA,NA,NA
"Virginia","Charles",34,0.895318,0.04286225,6.647414,NA,7.8660325,1.828184,6.810062,NA
"Virginia","Chesterfield",39,NA,0.0435995,6.724786,NA,NA,NA,NA,NA
"Virginia","Fairfax",44,0.4881428,0.046307,8.28557722222222,8.736842,21.989544,12.052471,28.085316,0.370214
"Virginia","Fauquier",37,NA,0.040155,NA,NA,NA,NA,NA,NA
"Virginia","Frederick",38,NA,0.0418325,7.2783495,NA,NA,NA,NA,NA
"Virginia","Giles",41,6.173609,0.0469265,NA,NA,NA,NA,NA,NA
"Virginia","Hanover",41,NA,0.04532925,NA,NA,NA,NA,NA,NA
"Virginia","Henrico",37,0.2505868,0.040433,6.83130666666667,10.4024936666667,10.252229,1.641736,7.610932,0.229505
"Virginia","Loudoun",37,NA,0.04516975,7.218333,NA,10.356552,1.796639,8.32088,NA
"Virginia","Madison",41,NA,0.04699575,NA,NA,NA,NA,NA,NA
"Virginia","Prince Edward",35,NA,0.04127675,NA,NA,NA,NA,NA,NA
"Virginia","Prince William",36,NA,0.04503675,NA,NA,6.6949055,0.776371,5.049355,NA
"Virginia","Roanoke",37,0.420447,0.04452975,6.32521,NA,9.3619355,1.302357,6.736097,0.2185035
"Virginia","Rockbridge",38,NA,0.041279,NA,NA,NA,NA,NA,NA
"Virginia","Rockingham",36,0.2565012,0.0427455,7.061983,NA,14.4776535,6.091361,14.82345,NA
"Virginia","Stafford",39,NA,0.04390675,NA,8.533333,NA,NA,NA,NA
"Virginia","Wythe",41,NA,0.04410075,NA,NA,NA,NA,NA,NA
"Virginia","Alexandria City",5,NA,NA,NA,5.522936,NA,NA,NA,NA
"Virginia","Bristol City",26,NA,NA,6.487179,NA,NA,NA,NA,NA
"Virginia","Covington City",7,3.2037042,NA,NA,NA,NA,NA,NA,NA
"Virginia","Hampton City",39,0.5097582,0.04554,6.34190588888889,9.421053,5.7763025,0.230888,3.583651,0.172459
"Virginia","Hopewell City",8,NA,NA,NA,9.526316,NA,NA,NA,NA
"Virginia","Lynchburg City",26,NA,NA,6.307407,NA,NA,NA,NA,NA
"Virginia","Norfolk City",18,0.3194086,NA,7.063025,11,12.700248,2.039427,9.701122,0.3009095
"Virginia","Richmond City",33,NA,NA,8.18458433333333,NA,18.2579535,8.183368,20.617385,0.36038
"Virginia","Salem City",26,NA,NA,6.670339,NA,NA,NA,NA,NA
"Virginia","Suffolk City",41,NA,0.04332875,NA,NA,NA,NA,NA,NA
"Virginia","Virginia Beach City",25,NA,NA,6.788696,NA,NA,NA,NA,NA
"Virginia","Winchester City",8,NA,NA,NA,9.561404,NA,NA,NA,NA
"Washington","Adams",13,NA,NA,NA,NA,NA,NA,NA,NA
"Washington","Asotin",27,NA,NA,NA,NA,NA,NA,NA,NA
"Washington","Benton",37,NA,0.04472325,NA,11.8585865,NA,NA,NA,NA
"Washington","Chelan",24,0.2368085,NA,NA,NA,NA,NA,NA,NA
"Washington","Clallam",34,0.05345725,0.0342845,NA,NA,NA,0.048836,NA,0.1004005
"Washington","Clark",31,NA,0.033971,7.1031624,NA,NA,NA,NA,NA
"Washington","Columbia",17,NA,NA,NA,NA,NA,NA,NA,NA
"Washington","Cowlitz",18,NA,NA,NA,NA,NA,NA,NA,NA
"Washington","Franklin",16,NA,NA,NA,NA,NA,NA,NA,NA
"Washington","Garfield",17,NA,NA,NA,NA,NA,NA,NA,NA
"Washington","Grant",18,NA,NA,NA,NA,NA,NA,NA,NA
"Washington","Grays Harbor",20,NA,NA,NA,NA,NA,NA,NA,NA
"Washington","Jefferson",19,NA,NA,NA,NA,NA,NA,NA,NA
"Washington","King",40,0.904139,0.0323260625,6.50276874358974,10.07767,20.756184,14.315361,41.705243,0.3148815
"Washington","Kitsap",18,NA,NA,4.7534882,NA,NA,NA,NA,NA
"Washington","Kittitas",23,NA,NA,6.9915978,NA,NA,NA,NA,NA
"Washington","Klickitat",20,NA,NA,NA,NA,NA,NA,NA,NA
"Washington","Lewis",20,NA,NA,NA,NA,NA,NA,NA,NA
"Washington","Mason",21,NA,NA,NA,NA,NA,NA,NA,NA
"Washington","Okanogan",31,NA,NA,7.4930638,NA,NA,NA,NA,NA
"Washington","Pierce",41,NA,0.03864875,7.64608182608696,NA,19.554852,19.409873,34.580785,NA
"Washington","San Juan",16,NA,NA,NA,NA,NA,NA,NA,NA
"Washington","Skagit",24,0.4559065,0.02690625,5.5176674,NA,NA,NA,NA,NA
"Washington","Snohomish",30,NA,NA,7.1981878,NA,NA,NA,NA,NA
"Washington","Spokane",37,NA,0.04247225,6.9552979,19.8198225,NA,NA,NA,NA
"Washington","Stevens",28,NA,NA,13.1165794,20.71010875,NA,NA,NA,NA
"Washington","Thurston",30,NA,0.03516825,NA,NA,NA,NA,NA,0.2694365
"Washington","Walla Walla",21,NA,NA,NA,20.5356525,NA,NA,NA,NA
"Washington","Whatcom",34,5.02920925,0.03298925,4.5573156,NA,NA,NA,NA,NA
"Washington","Whitman",18,NA,NA,NA,NA,NA,NA,NA,NA
"Washington","Yakima",38,NA,NA,9.391444,15.28153475,NA,NA,NA,NA
"West Virginia","Berkeley",40,NA,0.04194175,8.833913,NA,NA,NA,NA,NA
"West Virginia","Brooke",24,3.32850742105263,NA,9.453816,16.3704335,NA,NA,NA,NA
"West Virginia","Cabell",39,NA,0.04288575,7.1945265,NA,NA,NA,NA,NA
"West Virginia","Gilmer",32,NA,0.03933825,NA,NA,NA,NA,NA,NA
"West Virginia","Greenbrier",42,NA,0.04498175,NA,NA,NA,NA,NA,NA
"West Virginia","Hancock",37,2.46635306666667,0.043209875,8.095238,12.5949125,NA,NA,NA,NA
"West Virginia","Harrison",31,NA,NA,7.27027,NA,NA,NA,NA,NA
"West Virginia","Kanawha",40,0.8334834,0.04133775,7.522303,NA,NA,4.682549,NA,0.2063385
"West Virginia","Marion",31,NA,NA,7.621212,NA,NA,NA,NA,NA
"West Virginia","Marshall",7,2.1674894,NA,9.224576,NA,NA,NA,NA,NA
"West Virginia","Mason",3,2.02106325,NA,NA,NA,NA,NA,NA,NA
"West Virginia","Mineral",3,3.898327,NA,NA,NA,NA,NA,NA,NA
"West Virginia","Monongalia",36,1.4928406,0.04411275,7.198246,NA,NA,NA,NA,NA
"West Virginia","Ohio",41,NA,0.04461725,8.102542,NA,NA,NA,NA,NA
"West Virginia","Tucker",35,NA,0.04325625,NA,NA,NA,NA,NA,NA
"West Virginia","Wood",35,2.3202596,0.043177,7.771698,NA,NA,NA,NA,NA
"Wisconsin","Ashland",34,NA,0.03624225,4.9912362,NA,NA,NA,NA,NA
"Wisconsin","Brown",35,0.3932724,0.0389015,7.3219938,NA,NA,NA,NA,NA
"Wisconsin","Columbia",37,NA,0.04015,NA,NA,NA,NA,NA,NA
"Wisconsin","Dane",38,0.1448874,0.04046075,8.27400771428571,15.3079735,NA,NA,NA,NA
"Wisconsin","Dodge",40,0.2125032,0.03895,7.35702633333333,9.669697,NA,0.177311,NA,0.125489
"Wisconsin","Door",35,NA,0.0386185,NA,NA,NA,NA,NA,NA
"Wisconsin","Eau Claire",34,NA,0.03736875,7.6860088,14.2283715,NA,NA,NA,NA
"Wisconsin","Fond du Lac",36,NA,0.039737,NA,NA,NA,NA,NA,NA
"Wisconsin","Forest",35,0.4015618,0.03692725,5.4210866,NA,NA,NA,NA,NA
"Wisconsin","Grant",29,NA,NA,8.408777,NA,NA,NA,NA,NA
"Wisconsin","Jefferson",37,NA,0.0416705,NA,NA,NA,NA,NA,NA
"Wisconsin","Kenosha",40,NA,0.043365875,7.397976,NA,NA,NA,NA,NA
"Wisconsin","Kewaunee",36,NA,0.03919925,NA,NA,NA,NA,NA,NA
"Wisconsin","La Crosse",35,NA,0.0397395,7.619056,NA,NA,NA,NA,NA
"Wisconsin","Manitowoc",36,NA,0.03977875,NA,NA,2.345601,-0.165858,NA,NA
"Wisconsin","Marathon",34,NA,0.03814875,NA,NA,NA,NA,NA,NA
"Wisconsin","Milwaukee",42,0.30084,0.0390084166666667,8.02967183333333,15.2816601666667,16.523326,1.9486955,12.875037,0.301963
"Wisconsin","Oneida",0,0.767155,NA,NA,NA,NA,NA,NA,NA
"Wisconsin","Outagamie",37,0.9941784,0.03899225,8.0542612,NA,NA,NA,NA,NA
"Wisconsin","Ozaukee",37,NA,0.0413885,6.9110846,NA,NA,NA,NA,NA
"Wisconsin","Racine",39,NA,0.044038,NA,NA,NA,NA,NA,NA
"Wisconsin","Rock",38,NA,0.04222725,NA,NA,NA,NA,NA,NA
"Wisconsin","Sauk",35,NA,0.0397785,6.56310593333333,9.607572,NA,NA,NA,NA
"Wisconsin","Sheboygan",38,NA,0.040045625,NA,NA,NA,NA,NA,NA
"Wisconsin","Taylor",35,NA,0.037117,6.385165,NA,NA,NA,NA,NA
"Wisconsin","Vilas",29,NA,0.03632175,4.9449134,NA,NA,NA,NA,NA
"Wisconsin","Walworth",37,NA,0.04193075,NA,NA,NA,NA,NA,NA
"Wisconsin","Waukesha",40,NA,0.0400685,8.88750877777778,17.13344,NA,NA,NA,NA
"Wyoming","Albany",47,NA,0.052676,3.7100565,12.9181739,NA,NA,NA,NA
"Wyoming","Big Horn",36,NA,0.04211775,NA,NA,NA,NA,NA,NA
"Wyoming","Campbell",40,NA,0.04173175,2.97670065,12.2362426888889,5.19360475,0.93646,3.6611575,NA
"Wyoming","Carbon",43,0.16236625,0.049561,NA,NA,3.9917765,-0.146973,0.851466,NA
"Wyoming","Converse",41,1.44818475,0.04631975,2.2549262,15.1738625,4.41006,0.240466,2.264665,0.0717835
"Wyoming","Fremont",45,3.42885925,0.04914625,4.28072722222222,8.8601125,0.8704265,0.048069,0.5942795,NA
"Wyoming","Johnson",40,NA,0.045522,NA,7.334473,1.2249835,-0.125524,0.624607,NA
"Wyoming","Laramie",43,0.7787383,0.045610625,3.33941918421053,13.2913918571429,6.40496975,0.332802333333333,3.4831295,0.1471305
"Wyoming","Lincoln",12,NA,NA,NA,10.665751,NA,NA,NA,NA
"Wyoming","Natrona",42,1.6475702,0.046513,3.27569069230769,10.1666666666667,8.0491785,1.490228,5.9552645,NA
"Wyoming","Park",38,0.0904292,0.042236,2.812122,9.988873,3.8447365,0.480026,2.446786,NA
"Wyoming","Platte",14,NA,NA,NA,19.91986525,NA,NA,NA,NA
"Wyoming","Sheridan",39,NA,0.0454115,5.113099,10.00773175,NA,NA,NA,NA
"Wyoming","Sublette",46,NA,0.050053175,2.77575,6.9990485,2.4481651,0.1716055,1.5068572,NA
"Wyoming","Sweetwater",46,0.86510496,0.0503044,4.472359,11.0435302777778,13.966477875,1.83246875,10.58470175,NA
"Wyoming","Teton",43,0.0632152,0.0465753333333333,2.88984938888889,9.20307025,2.8377415,0.742291,2.1728885,0.1209495
"Wyoming","Uinta",44,NA,0.05013575,NA,7.24378375,3.685592,0.365623,2.424939,NA
"Wyoming","Weston",40,0.9124106,0.04630775,NA,NA,NA,NA,NA,NA
"Puerto Rico","Adjuntas",18,NA,NA,5.552991,NA,NA,NA,NA,NA
"Puerto Rico","Bayamon",17,2.0354242,0.015286,7.13215266666667,NA,NA,3.283587,NA,0.187575
"Puerto Rico","Caguas",10,NA,NA,7.219658,NA,9.678969,12.822686,18.303431,0.429652
"Puerto Rico","Catano",33,1.3541236,0.01055125,NA,24.4746815,NA,NA,NA,NA
"Puerto Rico","Fajardo",22,NA,NA,6.868067,19.7,NA,NA,NA,NA
"Puerto Rico","Guayama",0,3.7101438,NA,5.303571,19,NA,NA,NA,NA
"Puerto Rico","Guaynabo",20,NA,NA,7.314776,24.1864563333333,18.9558665,14.326227,27.430799,0.439845
"Puerto Rico","Mayagnez",25,NA,0.0069515,NA,NA,NA,NA,NA,NA
"Puerto Rico","Ponce",35,NA,NA,6.285841,25.82865,NA,NA,NA,0.3239955
"Puerto Rico","San Juan",14,NA,NA,NA,NA,NA,NA,NA,0.9298135
"Virgin Islands","St Croix",20,NA,NA,6.252632,NA,NA,NA,NA,NA
"Virgin Islands","St John",15,NA,NA,NA,NA,NA,NA,NA,NA
"Virgin Islands","St Thomas",28,NA,NA,8.2301486,NA,NA,NA,NA,NA
"Country Of Mexico","BAJA CALIFORNIA NORTE",72,NA,NA,NA,56.3848621,NA,NA,NA,NA
"Country Of Mexico","SONORA",43,NA,0.04665175,NA,NA,NA,NA,NA,NA
