"state","county","AQI_2019","AQI_4years","SO2","O3","PM2.5","PM10","NO2","NO","NOx","CO"
"Alabama","Baldwin",37,36.25,NA,0.040489,7.551402,NA,NA,NA,NA,NA
"Alabama","Clay",30,29.25,NA,NA,7.550467,NA,NA,NA,NA,NA
"Alabama","Colbert",37,36.75,NA,0.038221,7.213235,NA,NA,NA,NA,NA
"Alabama","DeKalb",39,38.25,NA,0.044582,7.55,NA,NA,NA,NA,NA
"Alabama","Elmore",39,36.75,NA,0.040902,NA,NA,NA,NA,NA,NA
"Alabama","Etowah",43,45.25,NA,0.044016,8.410526,NA,NA,NA,NA,NA
"Alabama","Houston",35,35,NA,0.037248,8.115652,NA,NA,NA,NA,NA
"Alabama","Jefferson",53,52,1.335778,0.0429823333333333,8.9335754,20.502022,10.987885,7.1932965,18.218176,0.296159
"Alabama","Lawrence",22,23.25,NA,NA,NA,NA,NA,NA,NA,NA
"Alabama","Madison",44,41,NA,0.044536,6.845,13.6092775,NA,NA,NA,NA
"Alabama","Mobile",42,39.5,0.997009,0.0367865,8.302679,NA,NA,NA,NA,NA
"Alabama","Montgomery",52,47.75,NA,0.040881,8.864151,13.754717,NA,NA,NA,NA
"Alabama","Morgan",41,39.25,NA,0.043561,7.627826,NA,NA,NA,NA,NA
"Alabama","Russell",40,41.5,NA,0.039408,9.312979,NA,NA,NA,NA,NA
"Alabama","Shelby",34,34.25,1.172692,0.043556,NA,NA,NA,NA,NA,NA
"Alabama","Sumter",32,32.25,0.468995,0.036283,NA,NA,NA,NA,NA,NA
"Alabama","Tuscaloosa",35,42.75,NA,0.037436,7.941964,NA,NA,NA,NA,NA
"Alaska","Aleutians East ",11,9.5,NA,NA,NA,NA,NA,NA,NA,NA
"Alaska","Anchorage ",27,26,NA,NA,7.373973,17.6163393333333,NA,NA,NA,0.533726
"Alaska","Bethel ",10,NA,NA,NA,NA,11.512739,NA,NA,NA,NA
"Alaska","Denali ",35,34.25,NA,0.033841,NA,NA,NA,NA,NA,NA
"Alaska","Fairbanks North Star ",38,36.75,5.629616,0.023862,10.909808,19.375,9.223999,14.520877,21.42576,0.378499
"Alaska","Juneau ",20,19.5,NA,NA,6.821739,8.855828,NA,NA,NA,NA
"Alaska","Kenai Peninsula ",7,7,NA,NA,NA,NA,NA,NA,NA,NA
"Alaska","Matanuska-Susitna ",19,27.25,NA,NA,5.5921765,12.5345585,NA,NA,NA,NA
"Alaska","North Slope ",5,NA,NA,NA,NA,NA,NA,NA,NA,NA
"Arizona","Apache",10,12.25,NA,NA,2.459322,12.189415,NA,NA,NA,NA
"Arizona","Cochise",45,44.25,NA,0.047832,5.072269,18.8739145,NA,NA,NA,NA
"Arizona","Coconino",45,44.75,NA,0.0472725,NA,NA,NA,NA,NA,NA
"Arizona","Gila",60,75,2.919558,0.051175,NA,19.557474,NA,NA,NA,NA
"Arizona","La Paz",44,43,NA,0.046874,3.259429,11.452247,NA,NA,NA,NA
"Arizona","Maricopa",65,67.75,0.698511333333333,0.0468573043478261,6.7839519,25.5469204,15.269294,5.23604,NA,0.3348665
"Arizona","Mohave",13,16.5,NA,NA,NA,16.043956,NA,NA,NA,NA
"Arizona","Navajo",44,43.75,NA,0.047053,NA,13.12894,NA,NA,NA,NA
"Arizona","Pima",47,49.5,0.110205,0.045039375,3.4131085,19.4234016666667,7.3725015,1.2712215,8.676226,0.198437
"Arizona","Pinal",63,68.5,NA,0.047857,6.90417033333333,36.2576990769231,NA,NA,NA,NA
"Arizona","Santa Cruz",31,33.25,NA,NA,8.804802,31.815864,NA,NA,NA,NA
"Arizona","Yavapai",43,43,NA,0.046755,NA,NA,NA,NA,NA,NA
"Arizona","Yuma",45,45.25,NA,0.045661,7.930685,35.016438,NA,NA,NA,NA
"Arkansas","Arkansas",30,31.5,NA,NA,7.930508,NA,NA,NA,NA,NA
"Arkansas","Ashley",33,32.25,NA,NA,8.195,NA,NA,NA,NA,NA
"Arkansas","Benton",35,NA,NA,NA,8.216721,NA,NA,NA,NA,NA
"Arkansas","Clark",32,32.75,NA,0.037567,NA,NA,NA,NA,NA,NA
"Arkansas","Craighead",30,NA,NA,NA,7.52449,NA,NA,NA,NA,NA
"Arkansas","Crittenden",40,40.25,NA,0.042022,8.278151,NA,7.558325,3.23512,10.591261,NA
"Arkansas","Garland",38,34.75,NA,NA,8.87931,NA,NA,NA,NA,NA
"Arkansas","Jackson",34,31.25,NA,NA,8.169231,NA,NA,NA,NA,NA
"Arkansas","Newton",36,36.5,NA,0.03924,NA,NA,NA,NA,NA,NA
"Arkansas","Polk",39,39.25,NA,0.0415,8.674167,NA,NA,NA,NA,NA
"Arkansas","Pulaski",45,44,0.875754,0.0378525,10.173364,18.038157,7.863634,4.370991,12.017552,0.371373
"Arkansas","Union",35,28.75,NA,NA,9.054167,NA,NA,NA,NA,NA
"Arkansas","Washington",43,41.75,NA,0.039985,8.0075,14.967213,NA,NA,NA,NA
"California","Alameda",41,46.25,0.344638,0.0315826,7.3315405,NA,11.6662503333333,7.23417033333333,18.9438346666667,0.443111
"California","Amador",39,38.5,NA,0.041903,NA,NA,NA,NA,NA,NA
"California","Butte",46,52.25,NA,0.0424475,7.934524,19.914286,7.075691,2.442039,9.517594,0.230935
"California","Calaveras",42,47.5,NA,0.043594,5.460947,12.625369,NA,NA,NA,NA
"California","Colusa",39,41,NA,0.037036,6.5914755,28.030387,NA,NA,NA,NA
"California","Contra Costa",40,43.5,0.771595833333333,0.0371895,7.326542,13.4358723333333,5.92321075,1.887618,7.7940385,0.344041
"California","Del Norte",20,21.25,NA,NA,NA,NA,NA,NA,NA,NA
"California","El Dorado",43,44.5,NA,0.0470176666666667,NA,13.896848,NA,NA,NA,NA
"California","Fresno",60,70.5,0.390718,0.0467358571428571,8.7601284,32.602972,10.4074403333333,3.304558,11.6985826,0.295491
"California","Glenn",40,40.5,NA,0.040744,NA,19.864943,NA,NA,NA,NA
"California","Humboldt",27,32.75,0.466679,0.028293,6.78785,14.706897,2.227113,NA,NA,0.230352
"California","Imperial",58,60.25,0.308846,0.03766425,8.51629266666667,36.5292366,8.345097,4.2877915,12.661652,0.237206
"California","Inyo",47,46.75,0.079353,0.0419193333333333,4.257995,13.8693600666667,NA,0.047913,NA,0.10221
"California","Kern",67,78.75,NA,0.0497275,9.442399,32.731835,11.7972768,3.20846425,12.599388,0.24713
"California","Kings",56,66.25,NA,0.045282,12.0996445,48.650577,8.406359,3.102482,11.508791,NA
"California","Lake",31,33,NA,0.034347,3.141667,8.015725,NA,NA,NA,NA
"California","Los Angeles",71,74.75,0.373772333333333,0.0452283076923077,9.83374,22.8490785,13.5704176428571,7.45042884615385,21.427675,0.336000538461538
"California","Madera",50,55.75,NA,0.045405,10.085019,35.56213,5.990549,1.019257,7.00928,NA
"California","Marin",33,34.75,NA,0.032642,6.38017,13.355932,8.083286,3.540016,11.535485,0.310169
"California","Mariposa",47,48,NA,0.051523,NA,20.122642,NA,NA,NA,NA
"California","Mendocino",33,35.5,NA,0.031063,5.6498235,12.08427,NA,NA,NA,NA
"California","Merced",48,51.5,NA,0.044598,9.3670565,28.819672,6.274088,1.096366,7.370647,NA
"California","Mono",27,21.5,NA,NA,5.8614685,31.371696,NA,NA,NA,NA
"California","Monterey",37,37.5,NA,0.0357973333333333,4.44526,19.070796,3.923354,0.394728,4.437696,0.236612
"California","Napa",35,38.75,NA,0.036303,5.923099,13.214286,4.840752,1.806104,6.664146,0.274694
"California","Nevada",44,45.25,NA,0.047082,5.7871945,NA,NA,NA,NA,NA
"California","Orange",48,51.5,NA,0.0442173333333333,8.2709725,19.1104395,14.687424,9.69003233333333,24.426591,0.34715725
"California","Placer",48,48.25,NA,0.0436918,6.706303,14.363889,6.626391,2.023092,8.626667,NA
"California","Plumas",25,31.75,NA,NA,9.363595,NA,NA,NA,NA,NA
"California","Riverside",77,83.25,0.415796,0.0497244666666667,7.415789,28.7733827272727,7.56511371428571,3.9329802,13.5085548,0.25338825
"California","Sacramento",46,51.25,0.382436,0.0409403333333333,6.7113358,19.72711375,6.2125476,2.7843858,9.3048028,0.330236
"California","San Benito",38,39.5,NA,0.039936,4.918258,16.598315,NA,NA,NA,NA
"California","San Bernardino",80,83.75,1.25695166666667,0.0535865833333333,10.2339074,24.0489685,16.285539,12.9683716,33.4378076,0.2923705
"California","San Diego",64,64.75,0.066576,0.0429845,9.1119588,21.41167925,8.368098125,2.87288075,11.359174875,0.400145
"California","San Francisco",36,36.75,NA,0.031793,7.667409,13.733333,9.655391,3.677392,13.333742,0.303286
"California","San Joaquin",45,51,NA,0.039924,8.900519,23.9524843333333,8.265132,3.6011265,11.8663085,0.26094
"California","San Luis Obispo",46,50,0.028492,0.0393881428571429,5.641006,18.5674377142857,2.8170395,1.309973,4.4859665,NA
"California","San Mateo",35,36.25,NA,0.032678,6.986047,NA,9.05804,4.557803,13.624096,0.378552
"California","Santa Barbara",43,44.5,0.129755,0.0367747272727273,5.319865,16.0972918333333,1.85656466666667,0.452463777777778,2.31179477777778,0.121252666666667
"California","Santa Clara",41,42.25,0.1389,0.03696575,7.43953066666667,18.258333,12.5532425,6.5098675,18.935956,0.4432235
"California","Santa Cruz",35,34.5,NA,0.035425,5.608498,NA,NA,NA,NA,NA
"California","Shasta",42,42.5,NA,0.03962275,6.628302,12.473301,NA,NA,NA,NA
"California","Siskiyou",36,32.5,NA,0.03512,5.825419,NA,NA,NA,NA,NA
"California","Solano",40,41.5,0.430361,0.0364143333333333,8.805587,12.125,7.320604,5.19975,12.834632,0.321689
"California","Sonoma",34,35,NA,0.0337865,5.678134,11.7662176666667,3.864154,2.12912,5.989355,0.288706
"California","Stanislaus",49,54,NA,0.042573,9.138077,28.3034675,8.657526,2.162424,10.820596,0.265707
"California","Sutter",44,50.5,NA,0.042566,8.450142,22.322222,6.495619,3.483258,9.977727,NA
"California","Tehama",41,42.5,NA,0.045324,5.429462,14.15,NA,NA,NA,NA
"California","Trinity",18,37.75,NA,NA,NA,NA,NA,NA,NA,NA
"California","Tulare",66,75,NA,0.05033925,12.897345,45.711111,9.560823,2.448383,12.01011,NA
"California","Tuolumne",43,43.5,NA,0.046438,NA,NA,NA,NA,NA,NA
"California","Ventura",46,50.5,NA,0.0444984,6.4981222,21.985978,6.037913,1.163884,7.534768,NA
"California","Yolo",41,41.75,NA,0.0412895,7.715094,18.450532,4.179476,0.80582,4.985271,NA
"Colorado","Adams",47,47,0.848108,0.039808,8.954062,32.623394,16.565301,13.779826,30.469508,0.292314
"Colorado","Alamosa",9,16.25,NA,NA,NA,NA,NA,NA,NA,NA
"Colorado","Arapahoe",46,45.25,NA,0.0479455,6.016102,NA,NA,NA,NA,NA
"Colorado","Archuleta",31,30.5,1.063392,0.045213,NA,18.646724,2.277787,0.353758,2.693092,NA
"Colorado","Boulder",47,43.25,NA,0.045913,6.795139,21.8934425,NA,NA,NA,NA
"Colorado","Clear Creek",46,48.5,NA,0.050632,NA,NA,NA,NA,NA,NA
"Colorado","Delta",41,27.75,NA,0.04402,3.725145,8.467033,1.779714,0.463179,2.284917,NA
"Colorado","Denver",51,51,0.675322,0.040155,8.296895,25.8372805,21.9443985,21.52269025,48.0113663333333,0.381991333333333
"Colorado","Douglas",46,45.75,NA,0.047497,6.224768,NA,NA,NA,NA,NA
"Colorado","El Paso",45,45.5,0.941156,0.047639,4.975429,17.084746,NA,NA,NA,0.35199
"Colorado","Fremont",13,13.25,NA,NA,NA,14.78125,NA,NA,NA,NA
"Colorado","Garfield",44,46.5,NA,0.0441643333333333,3.461096,8.511254,3.753725,0.571769,4.348646,NA
"Colorado","Gilpin",45,NA,NA,0.04855,NA,NA,NA,NA,NA,NA
"Colorado","Gunnison",45,45.25,NA,0.049849,NA,NA,NA,NA,NA,NA
"Colorado","Jackson",6,6,NA,NA,NA,NA,NA,NA,NA,NA
"Colorado","Jefferson",46,46.25,NA,0.04771275,NA,NA,3.586024,0.737526,NA,NA
"Colorado","La Plata",44,45,NA,0.049602,4.212353,13.137931,3.508194,0.719731666666667,4.24149666666667,0.140426
"Colorado","Larimer",48,49.25,NA,0.0452403333333333,5.967123,NA,NA,-0.003487,NA,0.29964
"Colorado","Mesa",44,45.75,NA,0.046104,4.965374,15.935484,NA,NA,NA,0.265087
"Colorado","Montezuma",46,44.5,NA,0.047693,NA,NA,NA,NA,NA,NA
"Colorado","Pitkin",10,12.25,NA,NA,NA,12.258929,NA,NA,NA,NA
"Colorado","Prowers",14,16,NA,NA,NA,17.609827,NA,NA,NA,NA
"Colorado","Pueblo",20,21.25,NA,NA,4.721053,17.931624,NA,NA,NA,NA
"Colorado","Rio Blanco",44,44,NA,0.0456155,7.894648,NA,1.6163525,0.1091115,1.7284075,NA
"Colorado","Routt",13,14.5,NA,NA,NA,16.632022,NA,NA,NA,NA
"Colorado","San Juan",5,6.5,NA,NA,NA,NA,NA,NA,NA,NA
"Colorado","San Miguel",11,36,NA,NA,NA,14.044248,NA,NA,NA,NA
"Colorado","Weld",45,46.75,NA,0.040252,8.1647385,NA,NA,NA,NA,0.220071
"Connecticut","Fairfield",43,42.75,0.240933,0.0464605,7.892103,13.816289,7.819831,NA,NA,0.322569
"Connecticut","Hartford",39,39.5,NA,0.043462,7.3077265,13.173818,10.0918855,NA,NA,0.319458
"Connecticut","Litchfield",37,37,0.121621,0.040272,4.998131,8.713396,NA,0.329893,NA,0.14904
"Connecticut","Middlesex",41,41.25,NA,0.044719,NA,NA,NA,NA,NA,NA
"Connecticut","New Haven",41,41.25,0.179747,0.042643,7.7342725,14.790078,11.503546,5.85315,NA,0.247574
"Connecticut","New London",37,35,NA,0.04482,6.520442,11.19337,NA,NA,NA,NA
"Connecticut","Tolland",42,40,NA,0.044005,NA,NA,NA,NA,NA,NA
"Connecticut","Windham",36,34.75,NA,0.042395,NA,NA,NA,NA,NA,NA
"Delaware","Kent",42,39.5,NA,0.045541,6.9200275,NA,NA,NA,NA,NA
"Delaware","New Castle",43,43.25,0.3028215,0.042972,7.5684376,NA,10.278052,4.203379,15.286709,0.249487
"Delaware","Sussex",42,41,0.107767,0.0435505,7.606575,NA,NA,NA,NA,NA
"District Of Columbia","District of Columbia",44,46.5,0.6505895,0.042532,8.17585075,17.019444,11.6821315,8.12642225,19.8442945,0.317687
"Florida","Alachua",35,35.5,NA,0.036884,6.51918,NA,NA,NA,NA,NA
"Florida","Baker",33,32.75,NA,0.036766,NA,NA,NA,NA,NA,NA
"Florida","Bay",38,38.25,NA,0.0386,NA,NA,NA,NA,NA,NA
"Florida","Brevard",36,37.75,NA,0.0354335,7.1,15.344828,NA,NA,NA,NA
"Florida","Broward",40,41,0.916064,0.033972,7.2430915,14.474515,10.0055045,8.49856633333333,22.414553,0.32387
"Florida","Citrus",30,32.5,0.802313,NA,NA,NA,NA,NA,NA,NA
"Florida","Collier",34,35.75,NA,0.036989,NA,NA,NA,NA,NA,NA
"Florida","Columbia",38,37,NA,0.03796,NA,NA,NA,NA,NA,NA
"Florida","Duval",43,41.5,0.758632,0.03804,7.521564,18.450705,8.55091,4.620394,13.2118325,0.437522
"Florida","Escambia",40,39.25,0.647914,0.0393445,9.629545,NA,NA,NA,NA,NA
"Florida","Flagler",34,33.5,NA,0.036596,NA,NA,NA,NA,NA,NA
"Florida","Hamilton",31,32,0.415002,NA,NA,NA,NA,NA,NA,NA
"Florida","Highlands",36,33,NA,0.038393,NA,NA,NA,NA,NA,NA
"Florida","Hillsborough",42,43,0.7431235,0.03803475,7.631026,16.132515,9.555619,2.6581115,14.628898,0.227575
"Florida","Holmes",40,38.5,NA,0.038717,NA,NA,NA,NA,NA,NA
"Florida","Indian River",36,37.25,NA,0.038822,NA,NA,NA,NA,NA,NA
"Florida","Lake",35,35,NA,0.039517,NA,NA,NA,NA,NA,NA
"Florida","Lee",36,36.5,NA,0.0381015,7.38,14.701923,NA,NA,NA,NA
"Florida","Leon",38,38.5,NA,0.036373,7.746667,NA,NA,NA,NA,NA
"Florida","Liberty",33,32,NA,0.036155,NA,NA,NA,NA,NA,NA
"Florida","Manatee",36,35.25,0.721454,0.0369953333333333,NA,NA,NA,NA,NA,NA
"Florida","Marion",38,37.25,NA,0.036894,NA,NA,NA,NA,NA,NA
"Florida","Martin",35,36.75,NA,0.036261,NA,NA,NA,NA,NA,NA
"Florida","Miami-Dade",38,41,0.202536,0.033409,6.871374,20.526912,7.114092,4.56713966666667,11.7239046666667,0.138058
"Florida","Nassau",28,30.25,1.483185,NA,NA,NA,NA,NA,NA,NA
"Florida","Okaloosa",36,35,NA,0.038011,NA,15.01385,NA,NA,NA,NA
"Florida","Orange",36,38.5,0.324818,0.036325,6.527299,12.084795,3.980693,0.518896,4.528755,0.254476
"Florida","Osceola",34,34,NA,0.038247,NA,NA,NA,NA,NA,NA
"Florida","Palm Beach",35,39,NA,0.035045,6.2924935,13.356037,1.518182,-2.063636,-0.50303,NA
"Florida","Pasco",36,36.25,NA,0.037646,NA,NA,NA,NA,NA,NA
"Florida","Pinellas",40,39.75,0.846728,0.0372676666666667,6.890024,16.8758253333333,5.8162755,0.735018,4.243218,0.240339
"Florida","Polk",36,37.5,0.77395,0.0369065,7.741193,15.949853,NA,NA,NA,NA
"Florida","Putnam",17,15,0.532103,NA,NA,19.737892,NA,NA,NA,NA
"Florida","St. Lucie",34,34.75,NA,0.036078,NA,NA,NA,NA,NA,NA
"Florida","Santa Rosa",39,39,NA,0.039161,NA,NA,NA,NA,NA,NA
"Florida","Sarasota",37,38.5,NA,0.0355996666666667,6.827198,16.544199,2.202484,0.476327,2.701242,NA
"Florida","Seminole",37,37,NA,0.038523,6.853561,14.554817,NA,NA,NA,NA
"Florida","Volusia",37,37.25,NA,0.037466,7.494895,16.615616,NA,NA,NA,NA
"Florida","Wakulla",35,35.5,0.458857,0.036769,NA,NA,NA,0.086583,NA,0.109907
"Georgia","Bibb",38,38.75,0.205427,0.042709,8.613118,NA,NA,NA,NA,NA
"Georgia","Charlton",21,21.25,NA,NA,NA,NA,NA,NA,NA,NA
"Georgia","Chatham",39,38.25,1.4220715,0.039746,8.311866,NA,NA,NA,NA,NA
"Georgia","Chattooga",40,38.25,NA,0.040984,NA,NA,NA,NA,NA,NA
"Georgia","Clarke",44,40.25,NA,0.043566,9.403509,NA,NA,NA,NA,NA
"Georgia","Clayton",36,35.25,NA,NA,8.694958,NA,NA,NA,NA,NA
"Georgia","Cobb",42,41.25,NA,0.043071,8.647934,NA,NA,NA,NA,NA
"Georgia","Coffee",26,27.5,NA,NA,7.18843,NA,NA,NA,NA,NA
"Georgia","Columbia",39,38,NA,0.040844,NA,NA,NA,NA,NA,NA
"Georgia","Dawson",37,37.5,NA,0.039971,NA,NA,NA,NA,NA,NA
"Georgia","DeKalb",44,44.75,0.000575,0.038981,9.565922,17.30618,12.2373825,14.289692,27.029741,0.300887
"Georgia","Dougherty",40,36,NA,NA,10.625948,NA,NA,NA,NA,NA
"Georgia","Douglas",40,39.75,NA,0.042045,NA,NA,NA,NA,NA,NA
"Georgia","Floyd",44,40,1.098254,NA,NA,NA,NA,NA,NA,NA
"Georgia","Fulton",48,47,1.277406,0.048131,9.3032645,16,16.273372,20.247919,36.550716,0.594519
"Georgia","Glynn",36,35,NA,0.038905,7.635455,NA,NA,NA,NA,NA
"Georgia","Gwinnett",45,43,NA,0.045391,10.801466,NA,NA,NA,NA,NA
"Georgia","Hall",37,33.25,NA,NA,9.347941,NA,NA,NA,NA,NA
"Georgia","Henry",37,37.5,NA,0.042828,NA,NA,NA,NA,NA,NA
"Georgia","Houston",38,35,NA,NA,10.21092,NA,NA,NA,NA,NA
"Georgia","Lowndes",35,35.75,NA,NA,7.527193,NA,NA,NA,NA,NA
"Georgia","Murray",43,41,NA,0.044088,NA,NA,NA,NA,NA,NA
"Georgia","Muscogee",40,38.5,NA,0.041861,8.814567,NA,NA,NA,NA,NA
"Georgia","Pike",37,37.25,NA,0.044502,NA,NA,NA,NA,NA,NA
"Georgia","Richmond",45,41.75,0.776829,0.045054,10.656268,12.424855,NA,NA,NA,NA
"Georgia","Rockdale",43,40.5,NA,0.045404,NA,NA,NA,NA,NA,NA
"Georgia","Sumter",39,36.75,NA,0.041603,NA,NA,NA,NA,NA,NA
"Georgia","Walker",37,37,NA,NA,9.36169,NA,NA,NA,NA,NA
"Georgia","Washington",29,29.5,NA,NA,8.405882,NA,NA,NA,NA,NA
"Hawaii","Hawaii",16,100,1.50419833333333,NA,1.96158366666667,NA,NA,NA,NA,NA
"Hawaii","Honolulu",29,30.25,0.64206575,0.0281305,3.49158675,11.8086713333333,4.062442,0.906763,NA,0.243987
"Hawaii","Kauai",13,13.5,0.452292,NA,2.906471,NA,4.276305,NA,NA,NA
"Hawaii","Maui",15,19,NA,NA,3.7818665,NA,NA,NA,NA,NA
"Idaho","Ada",38,39.75,0.386561,0.031705,5.322951,18.581921,9.025749,4.528605,12.961062,0.3894955
"Idaho","Bannock",27,30.25,3.751178,NA,NA,16.320979,NA,NA,NA,NA
"Idaho","Benewah",37,38.75,NA,NA,10.201538,NA,NA,NA,NA,NA
"Idaho","Blaine",15,11.75,NA,NA,NA,NA,NA,NA,NA,NA
"Idaho","Boise",33,34,NA,NA,NA,NA,NA,NA,NA,NA
"Idaho","Bonner",21,24.5,NA,NA,NA,13.302778,NA,NA,NA,NA
"Idaho","Bonneville",29,26.5,NA,NA,NA,NA,NA,NA,NA,NA
"Idaho","Butte",40,40.25,NA,0.045691,NA,NA,NA,NA,NA,NA
"Idaho","Canyon",25,30.5,NA,NA,6.860185,21.93,NA,NA,NA,NA
"Idaho","Caribou",6,3.75,2.611371,NA,NA,NA,NA,NA,NA,NA
"Idaho","Custer",3,5.25,NA,NA,NA,NA,NA,NA,NA,NA
"Idaho","Franklin",18,22.5,NA,NA,5.793948,NA,NA,NA,NA,NA
"Idaho","Idaho",40,37.25,NA,0.039713,NA,NA,NA,NA,NA,NA
"Idaho","Jerome",15,17.25,NA,NA,3.927479,NA,NA,NA,NA,NA
"Idaho","Kootenai",23,23.25,NA,NA,NA,NA,NA,NA,NA,NA
"Idaho","Latah",10,10.25,NA,NA,NA,NA,NA,NA,NA,NA
"Idaho","Lemhi",23,29.5,NA,NA,8.207826,NA,NA,NA,NA,NA
"Idaho","Nez Perce",24,23.25,NA,NA,NA,NA,NA,NA,NA,NA
"Idaho","Shoshone",29,36.25,NA,NA,9.605158,13.434174,NA,NA,NA,NA
"Idaho","Twin Falls",19,24.75,NA,NA,NA,NA,NA,NA,NA,NA
"Idaho","Valley",22,20,NA,NA,NA,NA,NA,NA,NA,NA
"Illinois","Adams",41,38.25,NA,0.044138,NA,NA,NA,NA,NA,NA
"Illinois","Champaign",42,41,0.546395,0.0404065,7.732558,NA,NA,0.290698,NA,0.02878
"Illinois","Clark",34,35.75,NA,0.042019,NA,NA,NA,NA,NA,NA
"Illinois","Cook",53,52,1.028362,0.0406854,9.38774725,23.0302836666667,15.2950114,7.5577865,23.5312243333333,0.317405
"Illinois","DuPage",42,42,NA,0.04086,10.236398,NA,NA,NA,NA,NA
"Illinois","Effingham",40,40.25,NA,0.042861,NA,NA,NA,NA,NA,NA
"Illinois","Hamilton",43,40.75,NA,0.045566,8.245133,NA,NA,NA,NA,NA
"Illinois","Jersey",42,41.75,NA,0.044369,7.939063,NA,NA,NA,NA,NA
"Illinois","Jo Daviess",34,33.5,NA,0.040234,NA,NA,NA,NA,NA,NA
"Illinois","Kane",40,37.75,NA,0.042295,8.218252,NA,NA,NA,NA,NA
"Illinois","Lake",40,36,NA,0.042234,NA,NA,NA,NA,NA,NA
"Illinois","La Salle",0,0.75,0.065524,NA,NA,NA,NA,NA,NA,NA
"Illinois","McHenry",44,40.75,NA,0.044159,7.789831,NA,NA,NA,NA,NA
"Illinois","McLean",44,41.75,NA,0.043761,8.824722,NA,NA,NA,NA,NA
"Illinois","Macon",44,46,1.26069875,0.042816,9.509722,NA,NA,NA,NA,NA
"Illinois","Macoupin",33,31.75,0.470179,0.042115,NA,NA,2.370756,1.881111,4.289317,NA
"Illinois","Madison",49,46.25,0.937404,0.04449825,9.9403195,34.762712,NA,NA,NA,NA
"Illinois","Monroe",1,2,0.406771,NA,NA,NA,NA,NA,NA,NA
"Illinois","Peoria",41,42.25,NA,0.042126,8.041026,NA,NA,NA,NA,NA
"Illinois","Randolph",40,41,NA,0.04365,7.058091,NA,NA,NA,NA,NA
"Illinois","Rock Island",42,38.75,NA,0.042898,8.561389,NA,NA,NA,NA,NA
"Illinois","Saint Clair",43,41.5,0.626722,0.043642,9.155357,NA,8.817052,5.199454,14.06144,0.344942
"Illinois","Sangamon",40,39.5,NA,0.042081,8.188983,NA,NA,NA,NA,NA
"Illinois","Tazewell",1,NA,0.946643,NA,NA,NA,NA,NA,NA,NA
"Illinois","Wabash",1,1.5,0.83015,NA,NA,NA,NA,NA,NA,NA
"Illinois","Will",43,41.5,NA,0.040543,9.2441695,NA,NA,NA,NA,NA
"Illinois","Winnebago",42,36.5,NA,0.040632,10.314931,NA,NA,NA,NA,NA
"Indiana","Allen",43,42,NA,0.0426795,8.94051,NA,NA,NA,NA,NA
"Indiana","Bartholomew",41,39.75,NA,0.045275,6.909412,NA,NA,NA,NA,NA
"Indiana","Boone",35,37,NA,0.043674,NA,NA,NA,NA,NA,NA
"Indiana","Brown",35,35.75,NA,0.042273,NA,NA,NA,NA,NA,NA
"Indiana","Carroll",35,36.25,NA,0.042657,NA,NA,NA,NA,NA,NA
"Indiana","Clark",41,39.25,NA,0.043963,8.47611966666667,15.736808,NA,NA,NA,NA
"Indiana","Daviess",1,2.25,0.63168,NA,NA,NA,NA,NA,NA,NA
"Indiana","Delaware",35,37,NA,0.039862,8.335,NA,NA,NA,NA,NA
"Indiana","Dubois",33,32.25,NA,NA,8.430252,13.901639,NA,NA,NA,NA
"Indiana","Elkhart",37,38,NA,0.038653,8.189355,NA,NA,NA,NA,NA
"Indiana","Floyd",35,37.5,0.709195,0.042325,NA,NA,NA,NA,NA,NA
"Indiana","Gibson",3,2,1.445611,NA,NA,NA,NA,NA,NA,NA
"Indiana","Greene",39,39.5,NA,0.043633,7.709244,NA,NA,NA,NA,NA
"Indiana","Hamilton",41,40.5,NA,0.043592,9.2344905,NA,NA,NA,NA,NA
"Indiana","Hendricks",34,36.25,NA,0.04081,NA,NA,NA,NA,NA,NA
"Indiana","Henry",28,28.75,NA,NA,7.679832,NA,NA,NA,NA,NA
"Indiana","Howard",40,37.25,NA,0.043289,7.305523,NA,NA,NA,NA,NA
"Indiana","Huntington",31,34.5,NA,0.038008,NA,NA,NA,NA,NA,NA
"Indiana","Jackson",35,36.75,NA,0.042125,NA,NA,NA,NA,NA,NA
"Indiana","Knox",36,35.5,NA,0.043758,NA,NA,NA,NA,NA,NA
"Indiana","Lake",45,43,0.573856,0.039649,9.56018216666667,17.75823275,9.258144,6.034789,14.538778,0.316385
"Indiana","LaPorte",37,37.25,NA,0.0413225,7.873729,NA,NA,NA,NA,NA
"Indiana","Madison",41,40.25,NA,0.043663,8.433518,NA,NA,NA,NA,NA
"Indiana","Marion",53,49.25,0.1608485,0.039791,10.4634715,22.0825085,10.230707,9.562101,30.544966,0.353593666666667
"Indiana","Monroe",33,30.25,NA,NA,7.204118,NA,NA,NA,NA,NA
"Indiana","Morgan",35,31.25,1.079769,0.04223,NA,NA,NA,NA,NA,NA
"Indiana","Perry",37,38.25,NA,0.045314,NA,NA,NA,NA,NA,NA
"Indiana","Pike",1,1.5,0.592519,NA,NA,NA,NA,NA,NA,NA
"Indiana","Porter",41,40.25,1.087484,0.0409325,8.282371,18.885714,NA,NA,NA,NA
"Indiana","Posey",35,37.5,NA,0.043082,NA,NA,NA,NA,NA,NA
"Indiana","St. Joseph",41,41,NA,0.0412806666666667,8.282111,NA,8.799702,5.323934,11.532011,NA
"Indiana","Shelby",36,37.5,NA,0.043396,NA,NA,NA,NA,NA,NA
"Indiana","Spencer",31,31.5,NA,NA,7.917949,NA,NA,NA,NA,NA
"Indiana","Sullivan",31,NA,NA,NA,8.124138,NA,NA,NA,NA,NA
"Indiana","Tippecanoe",33,33.25,NA,NA,8.776353,NA,NA,NA,NA,NA
"Indiana","Vanderburgh",41,41.25,0.356674,0.0420875,8.2030645,14.196721,8.093168,4.69269,10.941734,0.319461
"Indiana","Vigo",45,43.5,1.133477,0.04315,8.565903,15.263158,NA,NA,NA,NA
"Indiana","Wabash",37,35.5,NA,0.043726,NA,NA,NA,NA,NA,NA
"Indiana","Warrick",36,38.5,NA,0.042992,NA,NA,NA,NA,NA,NA
"Indiana","Whitley",33,31.75,NA,NA,8.318966,NA,NA,NA,NA,NA
"Iowa","Black Hawk",31,39,NA,NA,7.670833,NA,NA,NA,NA,NA
"Iowa","Bremer",37,35.75,NA,0.039223,NA,NA,NA,NA,NA,NA
"Iowa","Cerro Gordo",15,15.25,NA,NA,NA,17.101695,NA,NA,NA,NA
"Iowa","Clinton",42,47.25,0.597704,0.039108,8.603189,NA,NA,NA,NA,NA
"Iowa","Harrison",38,38.25,NA,0.040866,NA,NA,NA,NA,NA,NA
"Iowa","Johnson",35,34.75,NA,NA,9.398442,NA,NA,NA,NA,NA
"Iowa","Lee",29,31.75,NA,NA,8.281667,NA,NA,NA,NA,NA
"Iowa","Linn",39,40.75,0.3546705,0.038092,7.474438,17.491803,NA,NA,NA,NA
"Iowa","Montgomery",37,38.5,NA,0.039139,6.526446,NA,NA,NA,NA,NA
"Iowa","Muscatine",32,37.25,0.466903666666667,NA,7.90378166666667,16.210084,NA,NA,NA,NA
"Iowa","Palo Alto",38,39,NA,0.040452,6.426316,NA,NA,NA,NA,NA
"Iowa","Polk",39,39,NA,0.039196,7.006026,16.925926,6.279815,1.650063,7.978221,0.213734
"Iowa","Pottawattamie",29,30.75,NA,NA,7.516071,19.12844,NA,NA,NA,NA
"Iowa","Scott",45,50.75,0.46623,0.0380155,8.7892215,24.4801005,NA,0.968139,NA,0.194914
"Iowa","Van Buren",37,39.75,0.141074,0.040121,7.175833,14.075,1.96903,0.09726,2.101065,NA
"Iowa","Woodbury",28,17.5,NA,NA,7.450847,NA,NA,NA,NA,NA
"Kansas","Chase",22,21,NA,NA,NA,NA,NA,NA,NA,NA
"Kansas","Ford",15,16,NA,NA,NA,18.210526,NA,NA,NA,NA
"Kansas","Johnson",36,36.25,NA,0.03907,7.230681,NA,NA,NA,NA,NA
"Kansas","Leavenworth",33,33.75,NA,0.039844,NA,NA,NA,NA,NA,NA
"Kansas","Neosho",40,37.5,1.032202,0.040728,8.961582,20.624294,2.497039,0.473055,3.014608,NA
"Kansas","Sedgwick",39,40.75,NA,0.0426435,7.977268,18.8727945,6.47334,2.574963,8.892599,NA
"Kansas","Shawnee",41,39.5,NA,0.040527,9.291317,15.366438,NA,NA,NA,NA
"Kansas","Sherman",12,15.25,NA,NA,NA,15.944134,NA,NA,NA,NA
"Kansas","Sumner",39,37.5,0.796785,0.04295,7.598165,19.485531,3.126986,0.455854,3.62143,NA
"Kansas","Trego",36,36.75,0.679969,0.041991,5.300612,10.08642,1.220924,0.36494,1.375476,NA
"Kansas","Wyandotte",41,41.5,0.697793,0.036339,9.02561,15.971774,8.093055,3.998181,11.840026,0.200918
"Kentucky","Bell",39,39,NA,0.041384,7.313115,NA,NA,NA,NA,NA
"Kentucky","Boone",39,38.25,NA,0.042262,NA,NA,NA,NA,NA,NA
"Kentucky","Boyd",39,39.75,0.043434,0.042083,7.755587,18.25,4.905991,2.398596,7.578215,NA
"Kentucky","Bullitt",41,39.25,NA,0.044029,NA,NA,NA,NA,NA,NA
"Kentucky","Campbell",40,41.25,0.103345,0.042565,8.156923,NA,4.003928,0.622909,4.583756,NA
"Kentucky","Carter",36,35.5,NA,0.039488,5.683471,8.241379,NA,NA,NA,NA
"Kentucky","Christian",39,39.25,NA,0.040868,8.487736,NA,NA,NA,NA,NA
"Kentucky","Daviess",43,42.5,0.695601,0.044793,8.642363,NA,4.050977,0.553607,4.781187,NA
"Kentucky","Edmonson",41,39,0.22305,0.045004,NA,NA,NA,0.106038,NA,0.169051
"Kentucky","Fayette",42,40,0.087944,0.043816,8.208986,12.821429,6.163708,0.984656,7.176642,NA
"Kentucky","Greenup",31,30,0.271284,0.039145,NA,NA,NA,NA,NA,NA
"Kentucky","Hancock",42,39.75,NA,0.044607,NA,NA,NA,NA,NA,NA
"Kentucky","Hardin",39,41,NA,0.043611,7.708824,NA,NA,NA,NA,NA
"Kentucky","Henderson",3,33.5,1.282251,NA,10.105085,10.4,NA,NA,NA,NA
"Kentucky","Jefferson",49,47.5,0.847123666666667,0.0428943333333333,9.8538904,18.1591785,12.223268,3.486326,NA,0.264421
"Kentucky","Jessamine",35,34.25,0.199,0.044037,NA,NA,NA,NA,NA,NA
"Kentucky","Livingston",41,39.75,NA,0.043654,NA,12.716667,NA,NA,NA,NA
"Kentucky","McCracken",44,43,0.137526,0.044008,9.521008,14.711538,4.614271,1.421788,6.246953,NA
"Kentucky","Morgan",36,36,NA,0.041925,NA,NA,NA,NA,NA,NA
"Kentucky","Oldham",42,40.25,NA,0.044763,NA,NA,NA,NA,NA,NA
"Kentucky","Perry",39,39.5,NA,0.041469,7.891176,NA,NA,NA,NA,NA
"Kentucky","Pike",36,37.75,NA,0.039523,7.035211,NA,NA,NA,NA,NA
"Kentucky","Pulaski",40,39,NA,0.041574,7.020661,NA,NA,NA,NA,NA
"Kentucky","Simpson",40,39.5,NA,0.042255,NA,NA,NA,NA,NA,NA
"Kentucky","Trigg",37,36.25,NA,0.043509,NA,NA,NA,NA,NA,NA
"Kentucky","Warren",40,39.75,NA,0.042067,9.222581,NA,NA,NA,NA,NA
"Kentucky","Washington",39,37.5,NA,0.045207,NA,NA,NA,NA,NA,NA
"Louisiana","Ascension",33,33.5,NA,0.036941,NA,NA,6.255931,1.636142,7.804314,NA
"Louisiana","Bossier",34,36.5,0.438036,0.035828,NA,16.451923,NA,NA,NA,NA
"Louisiana","Caddo",37,36.75,NA,0.039979,10.817143,NA,NA,NA,NA,NA
"Louisiana","Calcasieu",45,44.5,0.4329545,0.0365765,6.790435,NA,7.535519,3.243155,10.440282,NA
"Louisiana","East Baton Rouge",42,44,0.421275,0.035854,8.215537,16.759644,5.912112,1.654153,7.019697,0.188502
"Louisiana","Iberville",37,37.75,NA,0.0376135,8.478689,NA,2.753736,1.077022,4.010202,NA
"Louisiana","Jefferson",38,38.75,NA,0.039435,7.431981,NA,5.42186,0.855314,6.280012,NA
"Louisiana","Lafayette",41,40.5,NA,0.038039,7.953719,14.891239,NA,NA,NA,NA
"Louisiana","Lafourche",41,37.25,NA,0.036557,NA,NA,NA,NA,NA,NA
"Louisiana","Livingston",41,40.75,NA,0.038331,NA,NA,2.220694,0.666082,2.875864,NA
"Louisiana","Orleans",29,35,NA,NA,7.847934,17.436578,9.5378,4.739372,14.300255,0.274454
"Louisiana","Ouachita",34,34,NA,0.038669,7.25,NA,NA,NA,NA,NA
"Louisiana","Pointe Coupee",33,32.25,NA,0.036706,NA,NA,NA,NA,NA,NA
"Louisiana","Rapides",30,31.5,NA,NA,7.52437,NA,NA,NA,NA,NA
"Louisiana","St. Bernard",44,42,1.200664,0.038512,7.783607,15.861272,NA,NA,NA,NA
"Louisiana","St. Charles",3,NA,2.153039,NA,NA,NA,NA,NA,NA,NA
"Louisiana","St. James",28,29.25,0.347312,0.031672,NA,NA,NA,NA,NA,NA
"Louisiana","St. John the Baptist",33,33,NA,0.03623,NA,NA,NA,NA,NA,NA
"Louisiana","St. Martin",34,35.5,NA,0.037136,NA,NA,NA,NA,NA,NA
"Louisiana","St. Tammany",37,36.75,NA,0.03712,NA,NA,NA,NA,NA,NA
"Louisiana","Tangipahoa",30,29.25,NA,NA,7.126667,NA,NA,NA,NA,NA
"Louisiana","Terrebonne",28,27.75,NA,NA,7.475833,NA,NA,NA,NA,NA
"Louisiana","West Baton Rouge",39,39.25,0.851895,0.034989,8.957429,NA,9.192136,3.541532,12.514014,NA
"Maine","Androscoggin",31,33,NA,0.035284,5.180845,10.644068,NA,NA,NA,NA
"Maine","Aroostook",34,35,0.062634,0.0310375,4.46804166666667,12.62069,1.893468,0.572295,2.521981,0.14933
"Maine","Cumberland",39,37,0.081195,0.036563,7.9191485,18.766667,6.963033,1.2062685,9.284952,0.192696
"Maine","Hancock",36,36.5,0.045603,0.0386925,3.296154,5.08547,NA,0.029575,NA,0.118879
"Maine","Kennebec",28,29.75,0.184262,0.036866,5.03,10.333333,2.796032,0.477133,3.314761,NA
"Maine","Knox",36,35,NA,0.037624,NA,NA,NA,NA,NA,NA
"Maine","Oxford",30,32.75,NA,0.035492,4.32622,NA,NA,NA,NA,NA
"Maine","Penobscot",31,32.5,NA,0.036874,4.2630735,15.701271,NA,NA,NA,NA
"Maine","Washington",34,34.25,NA,0.0351325,NA,NA,NA,NA,NA,NA
"Maine","York",38,37.5,NA,0.0369203333333333,NA,NA,NA,NA,NA,NA
"Maryland","Allegany",1,NA,1.489625,NA,NA,NA,NA,NA,NA,NA
"Maryland","Anne Arundel",41,39.75,1.303704,0.050029,NA,12.066667,NA,NA,NA,NA
"Maryland","Baltimore",43,42.25,0.664428,0.046991,7.8608065,NA,11.543731,3.609798,NA,0.262418
"Maryland","Calvert",39,40.75,NA,0.041991,NA,NA,NA,NA,NA,NA
"Maryland","Carroll",43,41.75,NA,0.045638,NA,NA,NA,NA,NA,NA
"Maryland","Cecil",39,40.75,NA,0.045175,6.398873,NA,NA,NA,NA,NA
"Maryland","Charles",40,41.25,NA,0.042232,NA,NA,NA,NA,NA,NA
"Maryland","Dorchester",41,40.25,0.214043,0.046433,5.934181,NA,NA,NA,NA,NA
"Maryland","Frederick",44,42.5,NA,0.04636,NA,NA,NA,NA,NA,NA
"Maryland","Garrett",37,38,0.296931,0.040863,5.573034,NA,2.675771,0.087596,2.059313,0.114029
"Maryland","Harford",44,41.75,NA,0.0475895,7.028045,NA,NA,NA,NA,NA
"Maryland","Howard",30,34.5,NA,NA,7.442135,NA,16.410629,13.512752,29.973682,0.269496
"Maryland","Kent",40,39.75,NA,0.046183,5.950712,NA,NA,NA,NA,NA
"Maryland","Montgomery",39,39.25,NA,0.044131,6.081461,NA,NA,NA,NA,NA
"Maryland","Prince George's",43,41.5,0.118831,0.0443956666666667,7.165266,9.672269,10.496188,1.179336,6.668832,0.161079
"Maryland","Washington",40,40.25,NA,0.043314,6.950141,NA,NA,NA,NA,NA
"Maryland","Baltimore (City)",42,42.25,NA,0.045608,8.455556,13.483333,11.906253,6.152712,18.108351,NA
"Massachusetts","Barnstable",36,36.25,NA,0.041292,NA,NA,NA,NA,NA,NA
"Massachusetts","Berkshire",37,33,NA,0.040318,5.94828366666667,NA,NA,NA,NA,NA
"Massachusetts","Bristol",40,38.75,0.484043,0.042765,6.70495,NA,NA,NA,NA,NA
"Massachusetts","Dukes",38,36.75,NA,0.044742,NA,NA,NA,NA,NA,NA
"Massachusetts","Essex",37,37.5,NA,0.0401295,6.1060385,NA,5.332382,1.193782,5.724585,NA
"Massachusetts","Franklin",37,35.75,NA,0.03934,6.579037,NA,NA,NA,NA,NA
"Massachusetts","Hampden",39,38.25,0.279044,0.041771,6.1698415,NA,7.4293035,3.832266,11.298073,0.326651
"Massachusetts","Hampshire",38,36.75,0.119587,0.041333,5.512931,6.017241,1.827738,0.109063,2.096545,NA
"Massachusetts","Middlesex",37,34.5,NA,0.0380425,6.944729,NA,10.466739,9.522757,19.991911,NA
"Massachusetts","Norfolk",34,34.75,NA,0.040874,NA,NA,3.483356,1.339063,4.86987,NA
"Massachusetts","Plymouth",37,36,NA,0.041864,6.757602,NA,NA,NA,NA,NA
"Massachusetts","Suffolk",38,43.25,0.308091,0.033721,6.464429,9.885965,12.5894123333333,5.83784566666667,18.5587186666667,0.1822595
"Massachusetts","Worcester",40,38.5,0.333798,0.0400775,8.24322,12.672414,10.493198,6.87064,17.385816,0.266405
"Michigan","Allegan",38,39.5,NA,0.041633,7.042056,NA,NA,NA,NA,NA
"Michigan","Bay",26,27.25,NA,NA,6.785,NA,NA,NA,NA,NA
"Michigan","Benzie",36,37.75,NA,0.037424,NA,NA,NA,NA,NA,NA
"Michigan","Berrien",39,39.5,NA,0.041596,NA,NA,NA,NA,NA,NA
"Michigan","Cass",39,40.5,NA,0.042361,NA,NA,NA,NA,NA,NA
"Michigan","Chippewa",32,32.5,NA,NA,8.137931,NA,NA,NA,NA,NA
"Michigan","Clinton",35,38.25,NA,0.03786,NA,NA,NA,NA,NA,NA
"Michigan","Genesee",38,38,NA,0.039292,7.280757,NA,NA,NA,NA,NA
"Michigan","Huron",36,37.25,NA,0.037845,NA,NA,NA,NA,NA,NA
"Michigan","Ingham",35,37,0.843166,0.037261,7.122857,NA,6.908433,2.126272,9.034813,NA
"Michigan","Kalamazoo",38,39,NA,0.04066,6.826563,NA,NA,NA,NA,NA
"Michigan","Kent",36,38.25,0.398981,0.0369845,7.198214,15.947368,NA,2.894892,NA,0.41712
"Michigan","Keweenaw",8,9,NA,NA,NA,NA,NA,NA,NA,NA
"Michigan","Lenawee",39,39.25,NA,0.041096,8.439944,NA,NA,NA,NA,NA
"Michigan","Macomb",38,39.5,NA,0.0399785,7.3,NA,NA,NA,NA,NA
"Michigan","Manistee",35,34.25,NA,0.038008,4.981633,NA,NA,NA,NA,NA
"Michigan","Mason",35,37,NA,0.036559,NA,NA,NA,NA,NA,NA
"Michigan","Missaukee",35,35.75,NA,0.037742,5.787156,NA,1.074297,0.359755,1.432905,NA
"Michigan","Monroe",1,1.75,0.63688,NA,NA,18.377732,NA,NA,NA,NA
"Michigan","Muskegon",38,39.5,NA,0.040172,NA,NA,NA,NA,NA,NA
"Michigan","Oakland",38,39.5,NA,0.041402,7.757759,NA,NA,NA,NA,NA
"Michigan","Ottawa",35,28.75,0.567226,0.041367,8.263793,12.824561,5.650338,1.408349,7.143806,NA
"Michigan","St. Clair",40,39.25,1.84822,0.041398,7.623077,NA,NA,NA,NA,NA
"Michigan","Schoolcraft",31,30.25,NA,0.037004,4.200578,NA,NA,NA,NA,NA
"Michigan","Tuscola",33,33.75,NA,0.039377,NA,NA,NA,NA,NA,NA
"Michigan","Washtenaw",40,40,NA,0.040051,8.599457,NA,NA,NA,NA,NA
"Michigan","Wayne",53,52.75,1.1536265,0.038469,9.831329375,19.9784494285714,13.6277046666667,7.1720915,19.9486845714286,0.376220666666667
"Michigan","Wexford",34,34.5,NA,0.039353,NA,NA,NA,NA,NA,NA
"Minnesota","Anoka",37,37.5,0.327173,0.034929,6.703714,11.985632,6.67489,1.501338,8.846151,0.243343
"Minnesota","Becker",28,29.5,NA,0.035921,5.157183,NA,NA,NA,NA,NA
"Minnesota","Beltrami",20,20.25,NA,NA,5.981818,NA,NA,NA,NA,NA
"Minnesota","Carlton",27,27.5,NA,0.03473,3.145349,NA,NA,NA,NA,NA
"Minnesota","Cass",13,NA,NA,NA,4.153143,NA,NA,NA,NA,NA
"Minnesota","Cook",17,16.75,NA,NA,4.393713,NA,NA,NA,NA,NA
"Minnesota","Crow Wing",28,29,NA,0.036674,4.316992,NA,NA,NA,NA,NA
"Minnesota","Dakota",28,29.25,0.651289,NA,6.906285,NA,6.60440933333333,2.85463766666667,9.45185033333333,0.253073666666667
"Minnesota","Goodhue",37,35.75,NA,0.039505,NA,NA,NA,NA,NA,NA
"Minnesota","Hennepin",42,43.25,1.177998,0.03361,7.762774,22.78343925,13.869946,8.328826,20.993834,0.420383
"Minnesota","Lake",27,27,NA,0.036084,4.234384,11.388889,NA,NA,NA,NA
"Minnesota","Lyon",32,31.5,NA,0.037656,5.908547,NA,NA,NA,NA,NA
"Minnesota","Mille Lacs",32,31.25,NA,0.035909,NA,NA,NA,NA,NA,NA
"Minnesota","Olmsted",36,36,NA,0.037904,7.618942,NA,NA,NA,NA,NA
"Minnesota","Ramsey",30,31,NA,NA,7.7760295,22.849237,NA,NA,NA,0.32281
"Minnesota","Saint Louis",34,34,NA,0.033768,5.678528,20.7334655,NA,NA,NA,NA
"Minnesota","Scott",36,34,NA,0.038017,6.822254,NA,NA,NA,NA,NA
"Minnesota","Stearns",32,32.25,NA,0.036951,5.51,NA,NA,NA,NA,NA
"Minnesota","Washington",30,37,0.691143,0.033897,10.0305555,18.5845665,NA,NA,NA,NA
"Minnesota","Winona",15,16.75,NA,NA,NA,NA,NA,NA,NA,NA
"Minnesota","Wright",34,34.25,NA,0.038846,5.50904,NA,NA,NA,NA,NA
"Mississippi","Bolivar",43,39.75,NA,0.042344,9.057851,NA,NA,NA,NA,NA
"Mississippi","DeSoto",39,39.5,NA,0.041226,8.234066,NA,NA,NA,NA,NA
"Mississippi","Forrest",35,35.25,NA,NA,8.846369,NA,NA,NA,NA,NA
"Mississippi","Hancock",37,36.75,NA,0.039938,7.555068,NA,NA,NA,NA,NA
"Mississippi","Harrison",41,38.5,NA,0.040893,9.220386,NA,NA,NA,NA,NA
"Mississippi","Hinds",44,43.5,0.41501,0.0381795,9.6229875,18.909091,7.014041,2.638559,NA,0.137375
"Mississippi","Jackson",39,36.25,0.94725,0.040604,8.629834,NA,3.932773,0.850712,4.784119,NA
"Mississippi","Lauderdale",36,36,NA,0.0385,NA,NA,NA,NA,NA,NA
"Mississippi","Lee",39,37.75,NA,0.041117,NA,NA,NA,NA,NA,NA
"Mississippi","Yalobusha",33,31.75,NA,0.037348,NA,NA,NA,NA,NA,NA
"Missouri","Andrew",40,41,NA,0.042407,NA,NA,NA,NA,NA,NA
"Missouri","Boone",38,39,NA,0.039627,NA,NA,NA,NA,NA,NA
"Missouri","Buchanan",33,34.75,NA,NA,8.060912,27.712166,NA,NA,NA,NA
"Missouri","Callaway",39,39.25,NA,0.041107,NA,NA,NA,NA,NA,NA
"Missouri","Cass",37,37.5,NA,0.042386,6.265753,NA,NA,NA,NA,NA
"Missouri","Cedar",39,38,NA,0.040563,7.53432,NA,NA,NA,NA,NA
"Missouri","Clay",40,39.25,NA,0.0434863333333333,6.16584,NA,NA,NA,NA,NA
"Missouri","Clinton",42,42,NA,0.043741,NA,NA,NA,NA,NA,NA
"Missouri","Franklin",1,2,0.5146555,NA,NA,NA,NA,NA,NA,NA
"Missouri","Greene",39,39,NA,0.0411725,7.193093,12.022857,NA,NA,NA,NA
"Missouri","Iron",17,16.5,1.35173125,NA,NA,NA,NA,NA,NA,NA
"Missouri","Jackson",38,38.25,1.191312,NA,8.7597915,24.9918355,10.428301,5.774607,16.2407285,0.271839
"Missouri","Jasper",37,35.75,NA,0.041951,NA,22.10119,NA,NA,NA,NA
"Missouri","Jefferson",39,37.75,0.494879666666667,0.042549,6.582043,11.787115,NA,NA,NA,NA
"Missouri","Lincoln",40,40.5,NA,0.042057,NA,NA,NA,NA,NA,NA
"Missouri","Monroe",35,34.75,0.941965,0.040551,NA,10.652055,1.955764,1.010321,2.794911,NA
"Missouri","New Madrid",131,NA,18.008458,NA,NA,NA,NA,NA,NA,NA
"Missouri","Perry",40,41.25,NA,0.042504,NA,NA,NA,NA,NA,NA
"Missouri","Saint Charles",36,35.25,0.5981245,0.043362,NA,NA,NA,NA,NA,NA
"Missouri","Sainte Genevieve",38,40.25,NA,0.041344,NA,NA,NA,NA,NA,NA
"Missouri","Saint Louis",43,43,1.321243,0.042461,8.555172,NA,9.691502,6.619956,16.405178,NA
"Missouri","Stoddard",21,23.25,NA,NA,NA,NA,NA,NA,NA,NA
"Missouri","Taney",18,28,NA,NA,NA,NA,NA,NA,NA,NA
"Missouri","St. Louis City",47,46.25,0.480486,0.037709,9.261193,22.0499645,10.3381175,5.3458055,15.6286945,0.2632845
"Montana","Cascade",21,25,NA,NA,NA,NA,NA,NA,NA,NA
"Montana","Fergus",37,38.75,NA,0.042139,3.802247,7.464589,0.678775,0.124345,0.937478,NA
"Montana","Flathead",37,38,NA,0.037221,6.662117,17.6334316666667,NA,NA,NA,NA
"Montana","Gallatin",25,24.5,NA,NA,0.915,NA,1.693643,1.69954,3.42061,0.206166
"Montana","Lake",7,7,NA,NA,NA,NA,NA,NA,NA,NA
"Montana","Lewis and Clark",40,42,0.291077,0.040972,4.2655365,NA,NA,0.05734,NA,0.113579
"Montana","Lincoln",36,39.75,NA,NA,11.614164,16.276056,NA,NA,NA,NA
"Montana","Missoula",40,50.5,NA,NA,7.7311295,16.947075,NA,NA,NA,NA
"Montana","Phillips",34,33.75,NA,0.039407,4.047397,7.473829,0.692768,0.041911,0.798075,NA
"Montana","Powder River",38,38.5,NA,0.042931,5.133141,16.723647,0.822619,0.037075,1.226871,NA
"Montana","Powell",6,7.5,NA,NA,NA,NA,NA,NA,NA,NA
"Montana","Ravalli",14,22.25,NA,NA,4.612672,NA,NA,NA,NA,NA
"Montana","Richland",37,37.5,0.428203,0.042211,4.437815,9.766571,1.175173,0.07418,1.479428,NA
"Montana","Roosevelt",10,11,NA,NA,NA,NA,NA,NA,NA,NA
"Montana","Rosebud",36,37.5,NA,0.041069,4.297695,11.190476,0.661444,0.023329,0.764392,NA
"Montana","Sanders",25,22.75,NA,NA,NA,12.06414,NA,NA,NA,NA
"Montana","Sheridan",14,13.25,NA,NA,NA,NA,NA,NA,NA,NA
"Montana","Silver Bow",20,24.25,NA,NA,5.278711,20.115702,NA,NA,NA,NA
"Montana","Yellowstone",21,23.75,0.749731,NA,6.004795,NA,NA,NA,NA,NA
"Nebraska","Cass",13,18,NA,NA,NA,15.663793,NA,NA,NA,NA
"Nebraska","Douglas",38,41.25,0.452377333333333,0.036138,6.704666,19.147101,NA,1.362876,NA,0.2798805
"Nebraska","Hall",19,21.75,NA,NA,5.064948,NA,NA,NA,NA,NA
"Nebraska","Knox",35,35,NA,0.040873,NA,NA,NA,NA,NA,NA
"Nebraska","Lancaster",31,32.75,0.480871,0.038,6.344068,NA,NA,NA,NA,NA
"Nebraska","Sarpy",29,33.5,NA,NA,7.838857,NA,NA,NA,NA,NA
"Nebraska","Scotts Bluff",19,20.75,NA,NA,4.835398,NA,NA,NA,NA,NA
"Nebraska","Thomas",13,13,NA,NA,NA,NA,NA,NA,NA,NA
"Nebraska","Washington",25,26,NA,NA,6.512931,NA,NA,NA,NA,NA
"Nevada","Churchill",41,42.25,NA,0.043307,NA,NA,NA,NA,NA,NA
"Nevada","Clark",54,57.75,0.468193,0.0478849166666667,6.10890042857143,20.5082046666667,17.344335,13.588083,NA,0.3037588
"Nevada","Douglas",13,18.5,NA,NA,3.841011,NA,NA,NA,NA,NA
"Nevada","Elko",14,19,NA,NA,NA,16.810959,NA,NA,NA,NA
"Nevada","Lyon",39,40.5,NA,0.040418,NA,26.073171,NA,NA,NA,NA
"Nevada","Nye",15,16.75,NA,NA,NA,15.4957855,NA,NA,NA,NA
"Nevada","Washoe",46,47.25,0.116699,0.0421395714285714,4.61198725,17.6931346,11.370668,4.404494,16.300062,0.280525
"Nevada","White Pine",44,43.75,NA,0.047589,NA,NA,NA,NA,NA,NA
"Nevada","Carson City",41,42.75,NA,0.044769,3.936207,NA,NA,NA,NA,NA
"New Hampshire","Belknap",31,32,NA,0.036621,3.745091,NA,NA,NA,NA,NA
"New Hampshire","Cheshire",34,35,NA,0.03784,4.801374,NA,NA,NA,NA,NA
"New Hampshire","Coos",40,42.75,NA,0.0383965,NA,NA,NA,NA,NA,NA
"New Hampshire","Grafton",33,34.25,NA,0.034034,4.866944,NA,NA,NA,NA,NA
"New Hampshire","Hillsborough",37,36.75,0.499185,0.038866,3.010864,NA,NA,NA,NA,0.133176
"New Hampshire","Merrimack",27,29.25,0.847588,0.037856,NA,NA,NA,NA,NA,NA
"New Hampshire","Rockingham",37,37.5,0.942243,0.0381286666666667,5.326673,11.375,2.643724,0.664727,NA,0.157669
"New Jersey","Atlantic",37,37.5,0.067615,0.041263,6.7499455,NA,NA,NA,NA,NA
"New Jersey","Bergen",44,43.25,NA,0.041448,9.052121,NA,16.657181,9.449977,26.196806,0.240848
"New Jersey","Camden",44,44.5,0.534772,0.044327,8.48699,16.943662,11.391716,4.363591,15.844669,0.239785
"New Jersey","Cumberland",40,38.25,NA,0.044188,7.798476,NA,6.311554,3.547371,9.947005,NA
"New Jersey","Essex",41,39.5,0.194269,0.035237,8.962791,13.018519,16.272019,6.968081,22.943548,0.29655
"New Jersey","Gloucester",37,38,NA,0.041,7.138983,NA,NA,NA,NA,NA
"New Jersey","Hudson",41,41.5,0.482873,0.039314,8.3890105,15.377049,18.527161,10.330825,28.931213,0.324874
"New Jersey","Hunterdon",39,38.75,NA,0.042984,7.785955,NA,NA,NA,NA,NA
"New Jersey","Mercer",41,40.75,NA,0.04377,7.5879795,NA,NA,NA,NA,NA
"New Jersey","Middlesex",40,39,NA,0.04395,7.889548,NA,7.447784,2.161847,16.786865,NA
"New Jersey","Monmouth",37,34.5,NA,0.040727,NA,NA,NA,NA,NA,NA
"New Jersey","Morris",36,34.75,0.137518,0.042333,5.553097,NA,3.185869,0.613318,3.888855,NA
"New Jersey","Ocean",38,36.75,NA,0.044213,6.25942,NA,NA,NA,NA,NA
"New Jersey","Passaic",39,38.25,NA,0.040834,7.673451,NA,NA,NA,NA,NA
"New Jersey","Union",42,42.25,0.4512915,NA,8.4395105,NA,20.107841,15.569768,35.776984,0.380998
"New Jersey","Warren",35,36.25,0.368793,0.035715,7.377465,NA,11.224766,15.305502,26.621507,NA
"New Mexico","Bernalillo",51,51.25,0.576136,0.046984,5.8334898,23.6401616,9.1048725,3.7746495,13.5897395,0.169945
"New Mexico","Catron",9,8.75,NA,NA,NA,NA,NA,NA,NA,NA
"New Mexico","Chaves",15,17.75,NA,NA,NA,NA,NA,NA,NA,NA
"New Mexico","Dona Ana",51,54.75,NA,0.047343,6.55281775,29.3888898,6.024279,1.5930485,7.5449975,NA
"New Mexico","Eddy",47,45.75,NA,0.0489155,NA,NA,5.067016,0.79359,5.938112,NA
"New Mexico","Lea",45,44,NA,0.046581,7.517231,NA,4.952128,1.109657,6.087608,NA
"New Mexico","Lincoln",10,10.5,NA,NA,NA,NA,NA,NA,NA,NA
"New Mexico","Los Alamos",8,8.75,NA,NA,NA,NA,NA,NA,NA,NA
"New Mexico","Luna",12,16,NA,NA,NA,19.160665,NA,NA,NA,NA
"New Mexico","Rio Arriba",43,44.5,NA,0.046318,NA,NA,NA,NA,NA,NA
"New Mexico","Sandoval",44,43.75,NA,0.0467165,NA,15.443038,NA,NA,NA,NA
"New Mexico","San Juan",49,46.75,0.151761333333333,0.0461194,NA,7.652299,4.4008962,1.5146575,6.21444275,NA
"New Mexico","Santa Fe",44,43.75,NA,0.04823,2.874294,NA,NA,NA,NA,NA
"New Mexico","Socorro",10,11,NA,NA,NA,NA,NA,NA,NA,NA
"New Mexico","Taos",15,15.5,NA,NA,4.951977,NA,NA,NA,NA,NA
"New Mexico","Valencia",44,44,NA,0.046293,NA,NA,NA,NA,NA,NA
"New York","Albany",37,37,0.168937,0.038,6.293947,NA,NA,NA,NA,0.198376
"New York","Bronx",40,39.75,0.4832835,0.0401335,7.773829,12.964286,14.8392425,2.977181,19.617956,0.275046
"New York","Chautauqua",37,36.75,0.129721,0.042294,5.929565,NA,NA,NA,NA,NA
"New York","Dutchess",33,32.5,0.235671,0.039228,NA,NA,NA,NA,NA,NA
"New York","Erie",38,39.5,0.365487,0.041042,6.63148566666667,12.612245,9.290147,4.9878995,13.9492015,0.2378915
"New York","Essex",42,40.25,0.134185,0.0392543333333333,2.846,NA,NA,0.202706,NA,NA
"New York","Franklin",0,11.25,0.178687,NA,NA,NA,NA,NA,NA,NA
"New York","Hamilton",34,33.5,0.058246,0.038085,NA,NA,NA,NA,NA,NA
"New York","Herkimer",27,31.5,0.284207,0.031692,NA,NA,NA,NA,NA,NA
"New York","Jefferson",35,34,NA,0.037881,NA,NA,NA,NA,NA,NA
"New York","Kings",27,27,NA,NA,7.592373,NA,NA,NA,NA,NA
"New York","Monroe",36,36.75,0.168488,0.035858,6.37117,9.966667,7.552292,3.4754635,13.500024,0.2356195
"New York","Nassau",22,22.25,0.242427,NA,NA,NA,NA,NA,NA,NA
"New York","New York",39,41,NA,0.039165,8.08798866666667,14.935484,NA,NA,NA,0.273615
"New York","Niagara",35,35.75,NA,0.039575,NA,NA,NA,NA,NA,NA
"New York","Oneida",18,19,NA,NA,NA,NA,NA,NA,NA,NA
"New York","Onondaga",37,35.25,0.117318,0.040269,6.379155,NA,NA,NA,NA,NA
"New York","Orange",36,35.25,NA,0.03782,5.826271,NA,NA,NA,NA,NA
"New York","Oswego",34,33.5,NA,0.037774,NA,NA,NA,NA,NA,NA
"New York","Putnam",34,33.5,0.135159,0.039496,NA,NA,NA,NA,NA,NA
"New York","Queens",40,39.25,0.183929,0.037583,6.821673,11.423729,15.508406,8.3581265,20.1592,0.2887915
"New York","Richmond",37,38,NA,0.040846,7.566379,NA,NA,NA,NA,NA
"New York","Rockland",36,35.5,NA,0.041543,NA,NA,NA,NA,NA,NA
"New York","St. Lawrence",17,NA,2.6957095,NA,NA,NA,NA,NA,NA,NA
"New York","Saratoga",33,32.75,NA,0.037183,NA,NA,NA,NA,NA,NA
"New York","Seneca",0,NA,0.479761,NA,NA,NA,NA,NA,NA,NA
"New York","Steuben",35,34.25,0.070337,0.036513,6.068595,NA,NA,0.05632,NA,0.170456
"New York","Suffolk",40,39.5,0.083602,0.0436295,6.408036,NA,3.670085,NA,NA,NA
"New York","Tompkins",34,34.25,-0.033008,0.039097,NA,NA,NA,NA,NA,NA
"New York","Wayne",35,35.75,NA,0.039175,NA,NA,NA,NA,NA,NA
"New York","Westchester",36,36,NA,0.041798,NA,NA,NA,NA,NA,NA
"North Carolina","Alexander",39,39,NA,0.044294,NA,10.397727,NA,NA,NA,NA
"North Carolina","Avery",40,39.75,NA,0.0425435,NA,NA,NA,0.008357,NA,NA
"North Carolina","Beaufort",0,0.25,0.044119,NA,NA,NA,NA,NA,NA,NA
"North Carolina","Brunswick",0,0,1.141138,NA,NA,NA,NA,NA,NA,NA
"North Carolina","Buncombe",38,37.5,0.154232,0.042607,6.076204,NA,NA,NA,NA,NA
"North Carolina","Caldwell",39,39.5,-0.070222,0.043992,NA,NA,NA,NA,NA,NA
"North Carolina","Carteret",37,36.5,NA,0.042761,NA,NA,NA,NA,NA,NA
"North Carolina","Caswell",39,37,NA,0.041398,NA,NA,NA,NA,NA,NA
"North Carolina","Catawba",33,33.5,NA,NA,8.300278,NA,NA,NA,NA,NA
"North Carolina","Cumberland",41,40.75,-0.082815,0.0448805,7.322969,13.32948,NA,NA,NA,NA
"North Carolina","Davidson",35,35.5,NA,NA,8.810983,NA,NA,NA,NA,NA
"North Carolina","Durham",42,42,0.142496,0.044324,7.859259,12.198324,NA,NA,NA,NA
"North Carolina","Edgecombe",36,35,NA,0.042823,NA,NA,NA,NA,NA,NA
"North Carolina","Forsyth",45,43.5,0.278297,0.045781,8.847233,13.926761,6.592176,1.509703,8.125596,NA
"North Carolina","Graham",44,43.75,NA,0.045316,NA,NA,NA,NA,NA,NA
"North Carolina","Granville",44,42.5,NA,0.046108,NA,NA,NA,NA,NA,NA
"North Carolina","Guilford",42,41.5,NA,0.04736,6.841292,14.501393,NA,NA,NA,NA
"North Carolina","Haywood",43,44.25,0.81112,0.0447543333333333,NA,NA,NA,NA,NA,NA
"North Carolina","Hyde",20,19.25,NA,NA,NA,NA,NA,NA,NA,NA
"North Carolina","Jackson",26,39,NA,NA,6.298,NA,NA,NA,NA,NA
"North Carolina","Johnston",40,39.75,NA,0.044012,8.086517,NA,NA,NA,NA,NA
"North Carolina","Lenoir",42,38.25,NA,0.044624,NA,NA,NA,NA,NA,NA
"North Carolina","Lincoln",44,42.75,NA,0.046881,NA,NA,NA,NA,NA,NA
"North Carolina","Macon",33,33,NA,0.037142,NA,NA,NA,NA,NA,NA
"North Carolina","Martin",36,34.25,-0.15041,0.045262,NA,7.564706,NA,NA,NA,NA
"North Carolina","Mecklenburg",45,44.75,0.198687,0.044757,8.60271766666667,13.0468256666667,8.6796285,5.1189965,13.938844,0.293056
"North Carolina","Mitchell",22,23.75,NA,NA,5.53964,NA,NA,NA,NA,NA
"North Carolina","Montgomery",39,37.25,NA,0.042381,7.876487,NA,NA,NA,NA,NA
"North Carolina","New Hanover",34,32,NA,0.042739,3.840129,NA,NA,NA,NA,NA
"North Carolina","Northampton",32,NA,NA,NA,8.010563,NA,1.732223,0.155354,1.899709,NA
"North Carolina","Person",39,36.75,0.737206,0.046291,NA,NA,NA,NA,NA,NA
"North Carolina","Pitt",38,37.5,NA,0.044417,6.887821,NA,NA,NA,NA,NA
"North Carolina","Rockingham",44,40.75,NA,0.045939,NA,NA,NA,NA,NA,NA
"North Carolina","Rowan",43,38.25,NA,0.047727,8.973529,NA,NA,NA,NA,NA
"North Carolina","Swain",37,37.75,NA,0.0392575,7.159337,NA,NA,NA,NA,NA
"North Carolina","Union",45,44,NA,0.047187,NA,NA,NA,NA,NA,NA
"North Carolina","Wake",46,45,0.091691,0.041646,8.3990845,14.711048,7.152737,5.105666,12.305425,0.2822245
"North Carolina","Yancey",45,44.75,NA,0.04646,NA,NA,NA,NA,NA,NA
"North Dakota","Billings",33,35.5,1.388401,0.040408,3.431667,NA,NA,NA,NA,NA
"North Dakota","Burke",32,33.25,1.028422,0.039545,3.452149,7.942149,2.00871,0.219723,2.217981,NA
"North Dakota","Burleigh",31,33.25,0.42246,0.037277,6.374105,15.447514,4.722077,0.845459,5.731208,0.160684
"North Dakota","Cass",33,35,0.76255,0.034669,6.438636,13.597183,4.231847,1.018159,5.239851,NA
"North Dakota","Dunn",34,34.25,0.615259,0.041038,4.126197,4.400552,2.420999,0.292178,2.701961,NA
"North Dakota","McKenzie",34,34.75,0.633333,0.041373,3.569122,7.418994,1.725734,0.376868,2.076021,NA
"North Dakota","Mercer",35,34.5,1.14859933333333,0.039302,5.004151,6.026786,2.231711,0.6409365,2.84703,NA
"North Dakota","Oliver",34,34.75,1.001497,0.041431,4.551268,9.005479,2.185571,0.772561,2.815882,NA
"North Dakota","Ward",29,NA,0.755986,0.03813,4.498592,5.72549,2.326717,0.252374,2.577472,NA
"North Dakota","Williams",34,35,1.142795,0.039914,4.027451,6.444751,NA,NA,NA,NA
"Ohio","Adams",20,22.25,0.066183,NA,NA,NA,NA,NA,NA,NA
"Ohio","Allen",39,37.25,0.023455,0.043695,6.982866,NA,NA,NA,NA,NA
"Ohio","Ashtabula",34,32.25,0.800403,0.042218,NA,NA,NA,NA,NA,NA
"Ohio","Athens",25,26.5,NA,NA,6.552542,NA,NA,NA,NA,NA
"Ohio","Belmont",15,16,0.13996,NA,8.658065,15.434783,7.257108,3.208492,10.574154,0.148538
"Ohio","Butler",44,42.25,1.34915166666667,0.04616,10.1532886,25.950835,NA,NA,NA,NA
"Ohio","Clark",45,43,0.09472,0.044255,8.485,NA,NA,NA,NA,NA
"Ohio","Clermont",40,41.5,NA,0.047249,NA,NA,NA,NA,NA,NA
"Ohio","Clinton",43,42.5,NA,0.045576,NA,NA,NA,NA,NA,NA
"Ohio","Columbiana",1,1.5,0.360443,NA,NA,11.738418,NA,NA,NA,NA
"Ohio","Cuyahoga",50,46.5,0.87161625,0.0412785,8.84904342857143,20.4486888,9.0234795,3.330481,12.7466985,0.252692
"Ohio","Delaware",41,39.75,NA,0.043538,NA,NA,NA,NA,NA,NA
"Ohio","Fayette",38,36.25,NA,0.04416,NA,NA,NA,NA,NA,NA
"Ohio","Franklin",46,43,0.04245,0.044367,8.97599325,17.333333,9.2464015,4.946264,14.552739,0.1528975
"Ohio","Gallia",6,NA,1.08176866666667,NA,NA,NA,NA,NA,NA,NA
"Ohio","Geauga",42,42.75,NA,0.04552,NA,NA,NA,NA,NA,NA
"Ohio","Greene",41,40.5,NA,0.044021,NA,NA,NA,NA,NA,NA
"Ohio","Hamilton",52,50.5,0.895562,0.044437,9.4736484,16.98589,13.8721705,15.012581,28.9031985,0.2854445
"Ohio","Harrison",2,NA,NA,NA,7.575439,16.018182,NA,NA,NA,0.157282
"Ohio","Jefferson",45,47.75,0.633110666666667,0.04145,8.707273,14.1994065,NA,NA,NA,NA
"Ohio","Knox",41,40,NA,0.044602,NA,NA,NA,NA,NA,NA
"Ohio","Lake",37,38,0.8756455,0.043379,6.518333,13,NA,NA,NA,0.130598
"Ohio","Lawrence",39,37.5,0.050223,0.0424625,6.764348,10.9,NA,NA,NA,NA
"Ohio","Licking",41,40.75,NA,0.042533,NA,NA,NA,NA,NA,NA
"Ohio","Lorain",38,36.25,NA,0.03986,7.036695,9.622951,NA,NA,NA,NA
"Ohio","Lucas",40,40.25,0.292439,0.0420273333333333,8.23506333333333,NA,NA,NA,NA,NA
"Ohio","Madison",42,41.75,NA,0.045295,NA,NA,NA,NA,NA,NA
"Ohio","Mahoning",39,36.5,0.462128,0.042701,8.378939,15.034483,NA,NA,NA,NA
"Ohio","Medina",38,39,NA,0.03825,8.28029,NA,NA,NA,NA,NA
"Ohio","Miami",40,40.75,NA,0.042925,NA,NA,NA,NA,NA,NA
"Ohio","Montgomery",45,42.25,NA,0.044837,10.344932,19.4,NA,NA,NA,0.289308
"Ohio","Morgan",1,1,0.341744,NA,NA,NA,NA,NA,NA,NA
"Ohio","Noble",37,36.75,NA,0.044172,NA,NA,NA,NA,NA,NA
"Ohio","Portage",37,37.75,NA,0.039683,7.515238,NA,NA,NA,NA,NA
"Ohio","Preble",43,41,0.315128,0.039373,8.728198,NA,NA,1.603585,NA,0.145545
"Ohio","Scioto",14,14,0.8559005,NA,6.753571,9.812669,NA,NA,NA,NA
"Ohio","Stark",46,43.75,NA,0.04499,9.3580165,NA,NA,NA,NA,0.274205
"Ohio","Summit",42,41.25,0.1013565,0.043657,8.5254445,NA,NA,NA,NA,NA
"Ohio","Trumbull",40,39.75,NA,0.042703,9.138596,10.9991665,NA,NA,NA,NA
"Ohio","Warren",43,43.5,NA,0.047119,NA,NA,NA,NA,NA,NA
"Ohio","Washington",41,40.25,NA,0.044135,NA,NA,NA,NA,NA,NA
"Ohio","Wood",38,38.75,NA,0.040811,NA,NA,NA,NA,NA,NA
"Oklahoma","Adair",37,38.75,0.447804,0.037958,NA,15.869128,NA,0.250923,2.310861,0.169977
"Oklahoma","Canadian",37,36.75,NA,0.043722,NA,NA,NA,NA,NA,NA
"Oklahoma","Carter",43,37,NA,0.044543,7.714521,NA,NA,NA,NA,NA
"Oklahoma","Choctaw",37,NA,NA,0.040012,NA,NA,NA,NA,NA,NA
"Oklahoma","Cleveland",45,43.25,NA,0.044007,10.001401,NA,NA,NA,NA,NA
"Oklahoma","Comanche",43,40.75,NA,0.044263,8.193939,NA,NA,NA,NA,NA
"Oklahoma","Creek",36,37.5,NA,0.041787,NA,NA,NA,NA,NA,NA
"Oklahoma","Custer",14,15.5,NA,NA,NA,16.911017,NA,NA,NA,NA
"Oklahoma","Dewey",42,40.75,NA,0.043548,7.928375,NA,NA,NA,NA,NA
"Oklahoma","Garfield",0,NA,0.376508,NA,NA,NA,NA,NA,NA,NA
"Oklahoma","Johnston",40,NA,NA,0.041729,NA,NA,NA,NA,NA,NA
"Oklahoma","Kay",40,42.25,0.755404,0.039639,7.906301,NA,NA,NA,NA,NA
"Oklahoma","Le Flore",28,NA,NA,NA,7.251351,14.5,NA,NA,NA,NA
"Oklahoma","Mayes",32,34.75,0.663178,0.038226,NA,NA,NA,NA,NA,NA
"Oklahoma","Muskogee",5,15.25,0.060603,NA,NA,30.634328,NA,NA,NA,NA
"Oklahoma","Nowata",41,NA,NA,0.04178,8.340616,NA,NA,NA,NA,NA
"Oklahoma","Oklahoma",46,45,0.002785,0.044698,8.67938666666667,17.1050655,8.2845095,6.352088,14.9447855,0.2824445
"Oklahoma","Osage",38,37.75,NA,0.043513,NA,NA,NA,NA,NA,NA
"Oklahoma","Ottawa",38,41.25,NA,0.038866,8.346371,15.967742,NA,NA,NA,NA
"Oklahoma","Pittsburg",43,40.75,NA,0.042464,8.424107,NA,NA,NA,NA,NA
"Oklahoma","Sequoyah",36,36,NA,0.038065,8.124793,NA,5.23117,0.566662,4.968972,NA
"Oklahoma","Tulsa",44,46.75,0.16622825,0.040998,8.8768335,15.542373,7.027211,2.673309,9.747486,0.226494
"Oregon","Baker",23,22.25,NA,NA,NA,NA,NA,NA,NA,NA
"Oregon","Benton",17,15.25,NA,NA,NA,NA,NA,NA,NA,NA
"Oregon","Clackamas",31,31.25,NA,0.037467,NA,NA,NA,NA,NA,NA
"Oregon","Columbia",24,24.25,NA,0.031611,NA,NA,NA,NA,NA,NA
"Oregon","Coos",19,NA,NA,NA,NA,NA,NA,NA,NA,NA
"Oregon","Crook",23,23.25,NA,NA,7.631897,NA,NA,NA,NA,NA
"Oregon","Deschutes",20,20,NA,NA,NA,NA,NA,NA,NA,NA
"Oregon","Douglas",24,20.25,NA,NA,NA,NA,NA,NA,NA,NA
"Oregon","Grant",30,27.25,NA,NA,NA,NA,NA,NA,NA,NA
"Oregon","Harney",33,27.25,NA,NA,6.587234,8.911111,NA,NA,NA,NA
"Oregon","Jackson",36,38.5,NA,0.042454,8.743697,17.086207,NA,NA,NA,NA
"Oregon","Jefferson",22,NA,NA,NA,NA,NA,NA,NA,NA,NA
"Oregon","Josephine",26,28.75,NA,NA,9.546667,NA,NA,NA,NA,NA
"Oregon","Klamath",29,30.25,NA,NA,8.173016,21.875,NA,NA,NA,NA
"Oregon","Lake",19,20.75,NA,NA,6.632231,NA,NA,NA,NA,NA
"Oregon","Lane",38,36.75,NA,0.0330555,7.79841625,14.2207523333333,NA,NA,NA,NA
"Oregon","Linn",28,23.75,NA,NA,NA,NA,NA,NA,NA,NA
"Oregon","Marion",32,30.75,NA,0.0346325,NA,NA,NA,NA,NA,NA
"Oregon","Multnomah",34,32.75,0.2329035,0.029991,6.486777,11.075858,7.728852,7.9440815,13.07163,0.181001
"Oregon","Umatilla",37,35.25,NA,0.042362,NA,NA,NA,NA,NA,NA
"Oregon","Union",20,20.25,NA,NA,NA,14.393443,NA,NA,NA,NA
"Oregon","Wallowa",22,19.5,NA,NA,NA,NA,NA,NA,NA,NA
"Oregon","Wasco",23,30,NA,NA,NA,NA,NA,NA,NA,NA
"Oregon","Washington",32,31.75,NA,0.028711,6.8534195,12.28699,10.568246,13.227378,23.766994,0.2535
"Pennsylvania","Adams",42,41.25,0.096539,0.0445875,9.061069,NA,1.581756,0.178537,1.711992,0.110406
"Pennsylvania","Allegheny",55,53.5,1.4772826,0.0416743333333333,9.75827033333333,15.52435275,7.884029,3.80406133333333,11.524909,0.333958
"Pennsylvania","Armstrong",37,41.25,NA,0.041538,7.69209,NA,NA,NA,NA,NA
"Pennsylvania","Beaver",45,45.5,0.379268,0.044277,9.862116,17.130194,7.217218,5.858462,13.406067,NA
"Pennsylvania","Berks",42,43,0.027313,0.041421,8.938591,NA,NA,NA,NA,NA
"Pennsylvania","Blair",41,40.25,0.777237,0.042175,9.358306,NA,NA,NA,NA,NA
"Pennsylvania","Bradford",36,36.5,NA,0.039026,7.332471,NA,2.693527,0.54996,3.418692,NA
"Pennsylvania","Bucks",35,33.75,NA,0.044288,NA,NA,NA,NA,NA,NA
"Pennsylvania","Cambria",39,42,0.408699,0.038846,9.661688,11.248447,6.165329,2.528801,8.86323,0.087914
"Pennsylvania","Centre",44,42.25,0.051752,0.041434,9.822099,NA,3.376146,0.644821,4.213691,NA
"Pennsylvania","Chester",43,42.75,NA,0.046017,9.228179,NA,NA,NA,NA,NA
"Pennsylvania","Clearfield",33,35,NA,0.038539,NA,NA,NA,NA,NA,NA
"Pennsylvania","Cumberland",38,36.25,NA,NA,10.984682,NA,NA,NA,NA,NA
"Pennsylvania","Dauphin",41,41,NA,0.0413425,8.195349,13.386076,NA,NA,NA,NA
"Pennsylvania","Delaware",44,46.25,NA,0.044356,10.1157,NA,7.610318,3.89608,11.90098,NA
"Pennsylvania","Elk",35,35.25,NA,0.041441,NA,NA,NA,NA,NA,NA
"Pennsylvania","Erie",36,37.75,NA,0.038929,7.502711,11.908832,3.955683,0.770375,4.944219,0.053953
"Pennsylvania","Fayette",39,NA,NA,0.042596,8.260294,NA,2.826619,0.583215,3.751834,NA
"Pennsylvania","Franklin",36,33.5,NA,0.04333,NA,NA,NA,NA,NA,NA
"Pennsylvania","Greene",35,36.5,NA,0.04068,6.714516,NA,NA,NA,NA,NA
"Pennsylvania","Indiana",38,37,0.589469,0.044751,NA,NA,NA,NA,NA,NA
"Pennsylvania","Lackawanna",37,38.5,NA,0.038808,6.724113,NA,7.852,6.071046,14.21575,0.170715
"Pennsylvania","Lancaster",45,46.75,NA,0.042701,10.108132,15.589041,NA,NA,NA,NA
"Pennsylvania","Lawrence",31,32.5,NA,0.037683,NA,NA,NA,NA,NA,NA
"Pennsylvania","Lebanon",42,45.5,NA,0.042672,9.003988,NA,NA,NA,NA,NA
"Pennsylvania","Lehigh",38,39.5,NA,0.041672,8.497947,13.066282,NA,NA,NA,NA
"Pennsylvania","Luzerne",34,33.25,0.371296,0.040726,NA,12.379009,NA,NA,NA,NA
"Pennsylvania","Lycoming",35,33.25,NA,0.038905,7.20828,NA,NA,NA,NA,NA
"Pennsylvania","Mercer",41,43,NA,0.042917,7.995822,NA,NA,NA,NA,NA
"Pennsylvania","Monroe",34,36.75,NA,0.040638,NA,NA,NA,NA,NA,NA
"Pennsylvania","Montgomery",35,36.5,NA,0.041976,7.551695,NA,NA,NA,NA,NA
"Pennsylvania","Northampton",40,45,0.208068,0.0431,8.550301,NA,6.480496,3.544649,10.274662,NA
"Pennsylvania","Philadelphia",44,47.25,0.7962775,0.040943,8.2151604,18,12.9535796666667,12.7722325,26.093036,0.364433
"Pennsylvania","Somerset",36,35.25,NA,0.042409,NA,NA,NA,NA,NA,NA
"Pennsylvania","Susquehanna",24,NA,NA,NA,6.557102,NA,NA,NA,NA,NA
"Pennsylvania","Tioga",36,38.25,NA,0.040561,6.14466,NA,0.597029,0.23664,0.695435,NA
"Pennsylvania","Warren",9,8.75,1.1017675,NA,NA,NA,NA,NA,NA,NA
"Pennsylvania","Washington",44,46,0.5867805,0.0418726666666667,8.59135366666667,NA,3.8730115,2.4633635,6.560288,NA
"Pennsylvania","Westmoreland",38,41.25,NA,0.04285,6.959118,NA,NA,NA,NA,NA
"Pennsylvania","Wyoming",29,NA,NA,NA,8.940741,NA,NA,NA,NA,NA
"Pennsylvania","York",41,42,0.1422715,0.0411895,9.015862,NA,7.346136,4.219618,11.910692,NA
"Rhode Island","Kent",32,31.75,NA,0.044099,3.936103,NA,NA,NA,NA,NA
"Rhode Island","Providence",43,41.75,0.224028,0.041977,6.30564075,12.6786145,10.4730925,14.622711,26.444011,0.3705975
"Rhode Island","Washington",36,34,NA,0.045803,3.922701,NA,NA,NA,NA,NA
"South Carolina","Aiken",39,38.75,NA,0.043504,NA,NA,NA,NA,NA,NA
"South Carolina","Anderson",43,38.5,NA,0.045956,NA,NA,NA,NA,NA,NA
"South Carolina","Berkeley",36,33.5,NA,0.041423,NA,NA,NA,NA,NA,NA
"South Carolina","Charleston",38,37.5,0.2981735,0.042537,7.003137,15.474576,3.805757,1.4342325,4.8102265,NA
"South Carolina","Chesterfield",39,37.5,NA,0.046402,7.121698,7.555556,NA,NA,NA,NA
"South Carolina","Colleton",29,32.5,NA,NA,NA,NA,NA,NA,NA,NA
"South Carolina","Darlington",41,39,NA,0.045831,NA,NA,NA,NA,NA,NA
"South Carolina","Edgefield",39,38.25,NA,0.043474,7.673214,NA,NA,NA,NA,NA
"South Carolina","Florence",30,29.75,NA,NA,7.714407,NA,NA,NA,NA,NA
"South Carolina","Georgetown",14,15,NA,NA,NA,16.793478,NA,NA,NA,NA
"South Carolina","Greenville",45,42.75,0.147057,0.04811,7.699138,12.725989,8.306703,1.994719,9.826134,NA
"South Carolina","Horry",41,33.75,NA,0.045901,NA,NA,NA,NA,NA,NA
"South Carolina","Lexington",33,33.25,0.186472,NA,6.828571,14.604651,NA,NA,NA,NA
"South Carolina","Oconee",41,38.75,0.065734,0.045325,6.293174,NA,NA,NA,NA,NA
"South Carolina","Pickens",45,42,NA,0.047,NA,NA,NA,NA,NA,NA
"South Carolina","Richland",42,41,0.0891825,0.0410396666666667,7.706731,NA,3.480264,1.0428375,3.496949,0.093596
"South Carolina","Spartanburg",44,42.75,NA,0.047996,7.335849,NA,NA,NA,NA,NA
"South Carolina","York",44,39.25,0.076082,0.0461705,7.838611,NA,NA,NA,NA,NA
"South Dakota","Brookings",42,36.5,NA,0.047916,4.197784,15.537994,NA,NA,NA,NA
"South Dakota","Brown",20,21.75,NA,NA,5.657627,14.372881,NA,NA,NA,NA
"South Dakota","Codington",25,27.75,NA,NA,6.298034,20.365782,NA,NA,NA,NA
"South Dakota","Custer",39,40.25,NA,0.043979,2.649025,6.311429,NA,NA,NA,NA
"South Dakota","Hughes",11,13.25,NA,NA,3.269663,NA,NA,NA,NA,NA
"South Dakota","Jackson",38,39.25,1.406043,0.043136,3.666851,7.883333,0.924047,0.04087,1.044424,NA
"South Dakota","Meade",36,32.5,NA,0.039687,NA,9.530899,NA,NA,NA,NA
"South Dakota","Minnehaha",36,36.5,0.344429,0.037986,3.92549,12.033426,4.52048,1.354673,5.42323,0.188919
"South Dakota","Pennington",30,30,0.645069,NA,5.4012785,24.062147,5.550251,2.648981,7.806643,NA
"South Dakota","Union",35,36.75,0.68523,0.040705,5.791549,15.208092,1.565033,1.330346,2.800175,NA
"Tennessee","Anderson",35,34.25,1.226933,0.046909,NA,NA,NA,NA,NA,NA
"Tennessee","Blount",41,42,0.076263,0.041241,6.564543,NA,0.594575,0.027839,NA,0.169445
"Tennessee","Claiborne",35,35.75,NA,0.042013,NA,NA,NA,NA,NA,NA
"Tennessee","Davidson",45,44,2.1449,0.0433085,9.4332065,14.718563,10.6839225,7.992804,19.1542585,0.339213
"Tennessee","DeKalb",37,35.75,NA,0.042207,NA,NA,NA,NA,NA,NA
"Tennessee","Dyer",26,27.25,NA,NA,6.689722,NA,NA,NA,NA,NA
"Tennessee","Hamilton",45,44.25,NA,0.0461845,8.52393,NA,NA,NA,NA,NA
"Tennessee","Jefferson",44,44,NA,0.045262,NA,NA,NA,NA,NA,NA
"Tennessee","Knox",42,42.75,NA,0.04227,7.92326125,16.605948,NA,NA,NA,NA
"Tennessee","Lawrence",27,26.25,NA,NA,5.6,NA,NA,NA,NA,NA
"Tennessee","Loudon",37,38.25,NA,0.043985,6.469182,NA,NA,NA,NA,NA
"Tennessee","McMinn",30,31,NA,NA,7.378431,NA,NA,NA,NA,NA
"Tennessee","Madison",27,27,NA,NA,6.4650945,NA,NA,NA,NA,NA
"Tennessee","Maury",23,26.75,NA,NA,5.986188,NA,NA,NA,NA,NA
"Tennessee","Montgomery",26,29.25,NA,NA,6.7398735,NA,NA,NA,NA,NA
"Tennessee","Putnam",25,28,NA,NA,6.259444,NA,NA,NA,NA,NA
"Tennessee","Roane",28,29,NA,NA,7.045378,NA,NA,NA,NA,NA
"Tennessee","Sevier",44,43.75,NA,0.046829,NA,NA,NA,NA,NA,NA
"Tennessee","Shelby",44,42,0.357568,0.0426386666666667,8.471965,17.409181,10.403713,4.75682,18.462811,0.238557
"Tennessee","Sullivan",45,45.5,1.88882075,0.04484,7.059664,NA,NA,NA,NA,NA
"Tennessee","Sumner",40,40.25,NA,0.045494,6.747826,NA,NA,NA,NA,NA
"Tennessee","Williamson",42,40.25,NA,0.043373,NA,NA,NA,NA,NA,NA
"Tennessee","Wilson",40,39.5,NA,0.040917,NA,NA,NA,NA,NA,NA
"Texas","Bell",42,39,NA,0.041717,8.392096,NA,3.041526,0.289434,3.267352,NA
"Texas","Bexar",49,44.5,0.1521235,0.0409796666666667,8.85735366666667,14.922619,5.83406033333333,3.44241066666667,9.33075566666667,0.330372
"Texas","Bowie",39,36.75,NA,NA,9.387393,NA,NA,NA,NA,NA
"Texas","Brazoria",33,34.25,NA,0.0353975,NA,NA,3.7460385,0.766236,4.5412575,NA
"Texas","Brewster",40,39.75,NA,0.043147,5.642816,NA,NA,NA,NA,NA
"Texas","Cameron",44,40.75,NA,0.033601,9.299955,NA,NA,NA,NA,NA
"Texas","Collin",40,38.25,NA,0.045591,NA,NA,NA,NA,NA,NA
"Texas","Culberson",37,23,NA,0.046019,NA,NA,NA,NA,NA,NA
"Texas","Dallas",45,44,0.328363,0.041547,9.2379475,19.237121,7.71011875,2.62856,10.3530445,0.182169
"Texas","Denton",43,41.5,NA,0.0454135,7.363158,NA,5.71964,1.71612,7.16977,NA
"Texas","Ector",28,27.75,NA,NA,7.637571,NA,NA,NA,NA,NA
"Texas","Ellis",40,40.25,0.272258,0.0407005,7.294118,NA,4.1081025,0.737435,4.837963,NA
"Texas","El Paso",53,52,0.347642,0.0445593333333333,7.5169135,25.8772314,10.7189953333333,7.25096633333333,17.736251,0.26975
"Texas","Freestone",0,NA,0.067747,NA,NA,NA,NA,NA,NA,NA
"Texas","Galveston",39,38,0.27784,0.038462,7.961868,17.065574,2.793807,0.290004,3.082444,NA
"Texas","Gregg",35,35.5,0.52949,0.039668,NA,NA,3.218822,0.256453,3.494605,NA
"Texas","Harris",51,49.75,0.079555,0.03544425,9.38914433333333,20.83360675,9.15068876923077,5.21638476923077,14.6697053846154,0.297964333333333
"Texas","Harrison",38,37.5,2.074307,0.038549,8.221429,NA,2.431135,0.700788,3.111929,NA
"Texas","Hidalgo",42,39.25,NA,0.031203,10.5147035,23.552344,NA,NA,NA,NA
"Texas","Hood",35,34.75,NA,0.041436,NA,NA,NA,NA,NA,NA
"Texas","Howard",11,13,3.423845,NA,NA,NA,NA,NA,NA,NA
"Texas","Hunt",35,34.25,NA,0.039922,NA,NA,3.596411,0.677056,4.312712,NA
"Texas","Hutchinson",19,15.75,6.333525,NA,NA,NA,NA,NA,NA,NA
"Texas","Jefferson",43,43.5,0.733124,0.0362905,8.3985295,NA,3.951888,0.685902333333333,4.55869633333333,NA
"Texas","Johnson",38,38.5,NA,0.044827,NA,NA,NA,NA,NA,NA
"Texas","Kaufman",39,37.5,0.203068,0.041045,NA,NA,3.625841,0.396942,4.03338,NA
"Texas","Kleberg",30,31.5,NA,NA,8.331338,NA,NA,NA,NA,NA
"Texas","Lubbock",25,24,NA,NA,6.404545,NA,NA,NA,NA,NA
"Texas","McLennan",38,36.5,0.481109,0.041661,NA,NA,NA,NA,NA,0.198666
"Texas","Maverick",25,27.25,NA,NA,7.385207,NA,NA,NA,NA,NA
"Texas","Milam",0,0,0.124003,NA,NA,NA,NA,NA,NA,NA
"Texas","Montgomery",38,40.5,NA,0.039894,NA,NA,2.359171,0.396069,2.77173,NA
"Texas","Navarro",41,40.5,1.659615,0.041565,NA,NA,3.747672,0.422167,4.233733,NA
"Texas","Nueces",42,39,0.445397333333333,0.0330555,8.488766,16.762712,NA,NA,NA,NA
"Texas","Orange",39,39.5,1.169001,0.036329,8.242535,NA,3.004663,0.990289,4.023284,NA
"Texas","Parker",37,36.5,NA,0.043248,NA,NA,NA,NA,NA,NA
"Texas","Polk",31,31.25,NA,0.034079,NA,NA,NA,NA,NA,NA
"Texas","Potter",22,23.5,0.966612,NA,5.142647,NA,NA,NA,NA,NA
"Texas","Randall",41,42,NA,0.04749,NA,NA,NA,NA,NA,NA
"Texas","Robertson",0,0.25,0.069461,NA,NA,NA,NA,NA,NA,NA
"Texas","Rockwall",34,33.75,NA,0.039632,NA,NA,NA,NA,NA,NA
"Texas","Rusk",9,NA,2.304204,NA,NA,NA,NA,NA,NA,NA
"Texas","Smith",36,35.75,NA,0.041197,NA,NA,1.671243,0.082873,1.761748,NA
"Texas","Tarrant",44,44,NA,0.0427474,9.19926,NA,8.157785,3.18710925,11.251554,0.339897
"Texas","Titus",0,0.25,0.396793,NA,NA,NA,NA,NA,NA,NA
"Texas","Travis",44,43.25,-0.005426,0.040126,9.488252,16.122051,8.5694625,6.076316,14.6177595,0.361147
"Texas","Victoria",31,31.25,NA,0.035337,NA,NA,NA,NA,NA,NA
"Texas","Webb",41,39.5,NA,0.034411,10.694986,23.3389345,NA,NA,NA,0.219919
"Utah","Box Elder",40,42.5,NA,0.0429845,7.129333,NA,3.847501,1.517334,5.354951,NA
"Utah","Cache",44,44.75,NA,0.044629,7.572329,17.210526,4.26498,1.164335,5.188685,NA
"Utah","Carbon",46,45.25,NA,0.04865,NA,NA,2.339045,0.401055,2.63777,NA
"Utah","Davis",44,45.25,NA,0.042396,5.623611,13.041667,11.51627,4.189554,15.662477,NA
"Utah","Duchesne",48,46,NA,0.0492315,6.126027,NA,4.407733,0.9456365,5.1796225,NA
"Utah","Garfield",41,34.25,NA,0.045213,NA,NA,NA,NA,NA,NA
"Utah","Iron",42,NA,NA,0.043439,4.331781,NA,6.385591,3.957966,10.150734,NA
"Utah","Salt Lake",51,55,0.4582188,0.0409978571428571,6.68154642857143,18.79656725,13.2762448571429,8.069105,21.2126237142857,0.2431418
"Utah","San Juan",44,44,NA,0.046978,NA,NA,NA,NA,NA,NA
"Utah","Tooele",43,44,NA,0.044051,5.396491,NA,3.345713,0.619883,3.977956,NA
"Utah","Uintah",49,48.75,6e-04,0.04708,2.8720775,4.411111,2.4511348,0.5160438,2.9643594,1.294979
"Utah","Utah",46,47.25,NA,0.0436275,5.7717515,17.011204,7.9739415,2.5235175,10.3685525,0.103172
"Utah","Washington",44,43.75,NA,0.04663,4.525466,NA,2.7314,0.658103,3.430897,NA
"Utah","Wayne",7,8.25,NA,NA,NA,NA,NA,NA,NA,NA
"Utah","Weber",42,46.5,NA,0.041513,6.1122135,15.242784,13.1706415,7.6328875,20.796964,0.1475545
"Vermont","Bennington",35,35.25,NA,0.037451,5.627451,NA,NA,NA,NA,NA
"Vermont","Chittenden",37,36.25,0.138651,0.037517,5.532979,8.2027025,5.73426,1.1567535,8.070305,0.2231005
"Vermont","Rutland",36,36,0.436245,0.036717,7.531405,12.04918,6.769584,4.120314,10.936806,0.179183
"Vermont","Windham",8,9.5,NA,NA,NA,NA,NA,NA,NA,NA
"Virginia","Albemarle",40,37.25,NA,0.041955,6.393103,NA,NA,NA,NA,NA
"Virginia","Arlington",38,36.5,NA,0.045346,7.491379,NA,9.885079,3.290005,13.193612,0.295953
"Virginia","Botetourt",0,NA,-0.288746,NA,NA,NA,NA,NA,NA,NA
"Virginia","Caroline",39,37.5,NA,0.041309,NA,NA,NA,NA,NA,NA
"Virginia","Carroll",9,9.25,NA,NA,NA,9.311475,NA,NA,NA,NA
"Virginia","Charles",34,32.25,0.653161,0.041685,6.647414,NA,4.986552,1.828184,6.810062,NA
"Virginia","Chesterfield",39,37.25,NA,0.042443,6.724786,NA,NA,NA,NA,NA
"Virginia","Fairfax",44,41.75,0.418855,0.045117,8.172486,8.736842,15.887307,12.052471,28.085316,0.372345
"Virginia","Fauquier",37,35,NA,0.038927,NA,NA,NA,NA,NA,NA
"Virginia","Frederick",38,37,NA,0.040663,6.939344,NA,NA,NA,NA,NA
"Virginia","Giles",41,40.25,3.20012,0.045664,NA,NA,NA,NA,NA,NA
"Virginia","Hanover",41,39.75,NA,0.04395,NA,NA,NA,NA,NA,NA
"Virginia","Henrico",37,37.5,0.183967,0.039243,6.874683,9.881356,5.937099,1.676427,7.610932,0.230918
"Virginia","Loudoun",37,35.5,NA,0.044154,7.218333,NA,6.579055,1.796639,8.32088,NA
"Virginia","Madison",41,40,NA,0.04575,NA,NA,NA,NA,NA,NA
"Virginia","Prince Edward",35,33.75,NA,0.04005,NA,NA,NA,NA,NA,NA
"Virginia","Prince William",36,33.25,NA,0.043988,NA,NA,4.249426,0.776371,5.049355,NA
"Virginia","Roanoke",37,37,0.365972,0.043402,6.32521,NA,5.374282,1.302357,6.736097,0.219294
"Virginia","Rockbridge",38,34.75,NA,0.040215,NA,NA,NA,NA,NA,NA
"Virginia","Rockingham",36,34,0.223978,0.041551,7.061983,NA,8.838045,6.091361,14.82345,NA
"Virginia","Stafford",39,37.75,NA,0.042685,NA,8.533333,NA,NA,NA,NA
"Virginia","Wythe",41,40.5,NA,0.043241,NA,NA,NA,NA,NA,NA
"Virginia","Alexandria City",5,7.5,NA,NA,NA,5.522936,NA,NA,NA,NA
"Virginia","Bristol City",26,27.75,NA,NA,6.487179,NA,NA,NA,NA,NA
"Virginia","Covington City",7,NA,1.847947,NA,NA,NA,NA,NA,NA,NA
"Virginia","Hampton City",39,36.5,0.432138,0.044371,6.408,9.421053,3.343213,0.230888,3.583651,0.172801
"Virginia","Hopewell City",8,9.75,NA,NA,NA,9.526316,NA,NA,NA,NA
"Virginia","Lynchburg City",26,26.5,NA,NA,6.307407,NA,NA,NA,NA,NA
"Virginia","Norfolk City",18,17.5,0.275248,NA,7.063025,10.947368,7.60561,2.039427,9.701122,0.301945
"Virginia","Richmond City",33,32,NA,NA,8.462037,NA,12.438003,8.183368,20.617385,0.362306
"Virginia","Salem City",26,27.5,NA,NA,6.670339,NA,NA,NA,NA,NA
"Virginia","Suffolk City",41,39.25,NA,0.0421955,NA,NA,NA,NA,NA,NA
"Virginia","Virginia Beach City",25,25,NA,NA,6.788696,NA,NA,NA,NA,NA
"Virginia","Winchester City",8,9.25,NA,NA,NA,9.561404,NA,NA,NA,NA
"Washington","Adams",13,13.25,NA,NA,NA,NA,NA,NA,NA,NA
"Washington","Asotin",27,27.75,NA,NA,NA,NA,NA,NA,NA,NA
"Washington","Benton",37,34.25,NA,0.043616,NA,16.745968,NA,NA,NA,NA
"Washington","Chelan",24,25.25,0.182542,NA,NA,NA,NA,NA,NA,NA
"Washington","Clallam",34,36.75,0.028252,0.033201,NA,NA,NA,0.048836,NA,0.100938
"Washington","Clark",31,30.5,NA,0.032839,7.096901,NA,NA,NA,NA,NA
"Washington","Columbia",17,17.5,NA,NA,NA,NA,NA,NA,NA,NA
"Washington","Cowlitz",18,18.75,NA,NA,NA,NA,NA,NA,NA,NA
"Washington","Franklin",16,16.75,NA,NA,NA,NA,NA,NA,NA,NA
"Washington","Garfield",17,NA,NA,NA,NA,NA,NA,NA,NA,NA
"Washington","Grant",18,19.25,NA,NA,NA,NA,NA,NA,NA,NA
"Washington","Grays Harbor",20,20.75,NA,NA,NA,NA,NA,NA,NA,NA
"Washington","Jefferson",19,18.5,NA,NA,NA,NA,NA,NA,NA,NA
"Washington","King",40,40,0.724272,0.0310195,6.2994474,10.07767,14.3365865,14.315361,41.705243,0.314705
"Washington","Kitsap",18,15.25,NA,NA,5.070833,NA,NA,NA,NA,NA
"Washington","Kittitas",23,22.5,NA,NA,6.987819,NA,NA,NA,NA,NA
"Washington","Klickitat",20,17.75,NA,NA,NA,NA,NA,NA,NA,NA
"Washington","Lewis",20,19.75,NA,NA,NA,NA,NA,NA,NA,NA
"Washington","Mason",21,20.25,NA,NA,NA,NA,NA,NA,NA,NA
"Washington","Okanogan",31,35.25,NA,NA,7.487179,NA,NA,NA,NA,NA
"Washington","Pierce",41,41.5,NA,0.03697,6.8468955,NA,15.130152,19.409873,34.580785,NA
"Washington","San Juan",16,NA,NA,NA,NA,NA,NA,NA,NA,NA
"Washington","Skagit",24,29.25,0.309906,0.025693,5.50885,NA,NA,NA,NA,NA
"Washington","Snohomish",30,26,NA,NA,7.1916735,NA,NA,NA,NA,NA
"Washington","Spokane",37,37.75,NA,0.0416095,6.949576,19.572603,NA,NA,NA,NA
"Washington","Stevens",28,31,NA,NA,13.098077,20.709091,NA,NA,NA,NA
"Washington","Thurston",30,28.25,NA,0.034146,NA,NA,NA,NA,NA,0.269607
"Washington","Walla Walla",21,19.25,NA,NA,NA,22.904762,NA,NA,NA,NA
"Washington","Whatcom",34,33.5,2.1606775,0.03187,4.547658,NA,NA,NA,NA,NA
"Washington","Whitman",18,17.5,NA,NA,NA,NA,NA,NA,NA,NA
"Washington","Yakima",38,36.75,NA,NA,9.589008,15.806867,NA,NA,NA,NA
"West Virginia","Berkeley",40,39,NA,0.040876,8.833913,NA,NA,NA,NA,NA
"West Virginia","Brooke",24,20.75,2.302254,NA,9.3811515,16.111732,NA,NA,NA,NA
"West Virginia","Cabell",39,37.25,NA,0.041595,7.368,NA,NA,NA,NA,NA
"West Virginia","Gilmer",32,31,NA,0.038018,NA,NA,NA,NA,NA,NA
"West Virginia","Greenbrier",42,39.5,NA,0.044004,NA,NA,NA,NA,NA,NA
"West Virginia","Hancock",37,35,2.009975,0.042254,8.095238,12.366142,NA,NA,NA,NA
"West Virginia","Harrison",31,29.75,NA,NA,7.27027,NA,NA,NA,NA,NA
"West Virginia","Kanawha",40,39.5,0.707756,0.040181,7.7159875,NA,NA,4.682549,NA,0.20715
"West Virginia","Marion",31,30.75,NA,NA,7.621212,NA,NA,NA,NA,NA
"West Virginia","Marshall",7,27.75,1.86552,NA,9.224576,NA,NA,NA,NA,NA
"West Virginia","Mason",3,NA,0.7507,NA,NA,NA,NA,NA,NA,NA
"West Virginia","Mineral",3,NA,2.480743,NA,NA,NA,NA,NA,NA,NA
"West Virginia","Monongalia",36,34.25,1.170929,0.043004,7.198246,NA,NA,NA,NA,NA
"West Virginia","Ohio",41,41,NA,0.043317,8.102542,NA,NA,NA,NA,NA
"West Virginia","Tucker",35,35.25,NA,0.041863,NA,NA,NA,NA,NA,NA
"West Virginia","Wood",35,35,1.776438,0.041869,7.771698,NA,NA,NA,NA,NA
"Wisconsin","Ashland",34,33.5,NA,0.035296,4.982967,NA,NA,NA,NA,NA
"Wisconsin","Brown",35,35.25,0.200553,0.037651,7.309143,NA,NA,NA,NA,NA
"Wisconsin","Columbia",37,38.25,NA,0.039059,NA,NA,NA,NA,NA,NA
"Wisconsin","Dane",38,38.75,0.090186,0.039313,8.3696175,15.084967,NA,NA,NA,NA
"Wisconsin","Dodge",40,38.5,0.178359,0.03797,7.867508,12.063091,NA,0.177311,NA,0.128004
"Wisconsin","Door",35,37,NA,0.037363,NA,NA,NA,NA,NA,NA
"Wisconsin","Eau Claire",34,36.75,NA,0.036332,7.671745,13.96281,NA,NA,NA,NA
"Wisconsin","Fond du Lac",36,37.5,NA,0.03868,NA,NA,NA,NA,NA,NA
"Wisconsin","Forest",35,34.75,0.369863,0.036006,5.409827,NA,NA,NA,NA,NA
"Wisconsin","Grant",29,28.5,NA,NA,8.399726,NA,NA,NA,NA,NA
"Wisconsin","Jefferson",37,38.75,NA,0.040566,NA,NA,NA,NA,NA,NA
"Wisconsin","Kenosha",40,40.25,NA,0.0420405,7.388493,NA,NA,NA,NA,NA
"Wisconsin","Kewaunee",36,38.5,NA,0.037904,NA,NA,NA,NA,NA,NA
"Wisconsin","La Crosse",35,35.75,NA,0.038593,7.611019,NA,NA,NA,NA,NA
"Wisconsin","Manitowoc",36,37.75,NA,0.03846,NA,NA,1.338011,-0.165858,NA,NA
"Wisconsin","Marathon",34,36,NA,0.037218,NA,NA,NA,NA,NA,NA
"Wisconsin","Milwaukee",42,41.25,0.208274,0.037622,7.91829225,15.4851846666667,10.941941,1.123608,12.875037,0.301376
"Wisconsin","Oneida",0,0.5,0.422446,NA,NA,NA,NA,NA,NA,NA
"Wisconsin","Outagamie",37,36.75,0.382041,0.037843,8.142815,NA,NA,NA,NA,NA
"Wisconsin","Ozaukee",37,37,NA,0.040058,6.904132,NA,NA,NA,NA,NA
"Wisconsin","Racine",39,41.25,NA,0.042571,NA,NA,NA,NA,NA,NA
"Wisconsin","Rock",38,39,NA,0.041071,NA,NA,NA,NA,NA,NA
"Wisconsin","Sauk",35,35.5,NA,0.038563,4.871429,5.428571,NA,NA,NA,NA
"Wisconsin","Sheboygan",38,40.25,NA,0.038752,NA,NA,NA,NA,NA,NA
"Wisconsin","Taylor",35,35.25,NA,0.036223,6.375616,NA,NA,NA,NA,NA
"Wisconsin","Vilas",29,31.75,NA,0.035358,4.935912,NA,NA,NA,NA,NA
"Wisconsin","Walworth",37,38.5,NA,0.040758,NA,NA,NA,NA,NA,NA
"Wisconsin","Waukesha",40,39.5,NA,0.038798,9.348045,16.893855,NA,NA,NA,NA
"Wyoming","Albany",47,47.25,NA,0.051707,3.413333,12.090711,NA,NA,NA,NA
"Wyoming","Big Horn",36,37.25,NA,0.041288,NA,NA,NA,NA,NA,NA
"Wyoming","Campbell",40,42.25,NA,0.040824,3.339552,13.2340067352941,2.6901475,0.93646,3.6611575,NA
"Wyoming","Carbon",43,42.5,-0.170122333333333,0.048829,NA,NA,1.91377,-0.146973,0.851466,NA
"Wyoming","Converse",41,41,1.100484,0.045432,2.248883,15.6335508,2.115888,0.240466,2.264665,0.074878
"Wyoming","Fremont",45,45.75,1.343179,0.047518,3.42124933333333,8.2567315,0.5413265,0.048069,0.5942795,NA
"Wyoming","Johnson",40,NA,NA,0.044723,NA,7.122563,0.77119,-0.125524,0.624607,NA
"Wyoming","Laramie",43,43.25,0.7242465,0.0447175,3.58106933333333,13.6496693333333,3.0951525,0.3570485,3.4831295,0.143705
"Wyoming","Lincoln",12,13.75,NA,NA,NA,10.79183225,NA,NA,NA,NA
"Wyoming","Natrona",42,42.25,1.386139,0.045599,2.958903,9.45,4.420355,1.490228,5.9552645,NA
"Wyoming","Park",38,23.75,0.038419,0.041211,2.7769445,9.749343,1.919001,0.480026,2.446786,NA
"Wyoming","Platte",14,15,NA,NA,NA,20.355932,NA,NA,NA,NA
"Wyoming","Sheridan",39,41,NA,0.044528,4.855511,11.1269765,NA,NA,NA,NA
"Wyoming","Sublette",46,46.25,NA,0.0494528333333333,2.767066,6.7695035,1.2963836,0.1716055,1.5068572,NA
"Wyoming","Sweetwater",46,46,0.7449875,0.0489976666666667,4.283051,10.85474688,6.68222366666667,1.426625,8.13866666666667,NA
"Wyoming","Teton",43,43,0.015081,0.0457483333333333,2.63836766666667,8.5218865,1.3878885,0.742291,2.1728885,0.114583
"Wyoming","Uinta",44,43.5,NA,0.049216,NA,7.088726,2.015107,0.365623,2.424939,NA
"Wyoming","Weston",40,40,0.849819,0.045297,NA,NA,NA,NA,NA,NA
"Puerto Rico","Adjuntas",18,20.25,NA,NA,5.552991,NA,NA,NA,NA,NA
"Puerto Rico","Bayamon",17,31,1.705485,0.013117,7.334211,NA,NA,3.283587,NA,0.187947
"Puerto Rico","Caguas",10,17,NA,NA,7.219658,NA,6.103393,12.822686,18.303431,0.432849
"Puerto Rico","Catano",33,28.75,1.459705,0.009864,NA,24.26009,NA,NA,NA,NA
"Puerto Rico","Fajardo",22,22.75,NA,NA,6.868067,19.7,NA,NA,NA,NA
"Puerto Rico","Guayama",0,6.75,12.69688,NA,5.303571,19,NA,NA,NA,NA
"Puerto Rico","Guaynabo",20,14,NA,NA,7.142373,23.181324,13.718767,14.326227,27.430799,0.442762
"Puerto Rico","Mayagnez",25,NA,NA,0.005862,NA,NA,NA,NA,NA,NA
"Puerto Rico","Ponce",35,34.5,NA,NA,6.285841,19.666667,NA,NA,NA,0.326152
"Puerto Rico","San Juan",14,NA,NA,NA,NA,NA,NA,NA,NA,0.933271
"Virgin Islands","St Croix",20,23.5,NA,NA,6.252632,NA,NA,NA,NA,NA
"Virgin Islands","St John",15,20,NA,NA,NA,NA,NA,NA,NA,NA
"Virgin Islands","St Thomas",28,NA,NA,NA,8.218284,NA,NA,NA,NA,NA
"Country Of Mexico","BAJA CALIFORNIA NORTE",72,67.75,NA,NA,NA,56.3848621,NA,NA,NA,NA
"Country Of Mexico","SONORA",43,NA,NA,0.045291,NA,NA,NA,NA,NA,NA
